CNES,ESTABELECIMENTO,TIPO DO ESTABELECIMENTO,INE,NOME DA EQUIPE,SIGLA DA EQUIPE,MUNIC�PIO,REGI�O DE SA�DE,COMPET�NCIA,INDICADOR,TER REALIZADO A PRIMEIRA CONSULTA DE PR�-NATAL AT� 12 SEMANAS DE GESTA��O,TER REALIZADO PELO MENOS 07 CONSULTAS DURANTE O PER�ODO DE GESTA��O PARA VALORIZAR O DIAGN�STICO E ACOLHIMENTO OPORTUNO,TER REALIZADO PELO MENOS 07 REGISTROS DE PRESS�O ARTERIAL DURANTE O PER�ODO DA GESTA��O,TER REALIZADO PELO MENOS 07 REGISTROS SIMULT�NEOS DE PESO E ALTURA DURANTE O PER�ODO DA GESTA��O,"TER REGISTRO DE PELO MENOS 03 VISITAS DOMICILIARES DO ACS/TACS, AP�S A PRIMEIRA CONSULTA DO PR�-NATAL",TER REGISTRO DE UMA DOSE DE DTPA A PARTIR DA 20� SEMANA DE CADA GESTA��O,"TER REGISTRO DOS TESTES R�PIDOS OU DOS EXAMES AVALIADOS PARA S�FILIS, HIV E HEPATITES B E C REALIZADOS NO PRIMEIRO TRIMESTRE DE CADA GESTA��O",TER REGISTRO DOS TESTES R�PIDOS OU DOS EXAMES AVALIADOS PARA S�FILIS E HIV REALIZADOS NO TERCEIRO TRIMESTRE DE CADA GESTA��O,TER REGISTRO DE PELO MENOS 01 CONSULTA PRESENCIAL OU REMOTA POR PROFISSIONAL M�DICA(O) OU ENFERMEIRA(O) REALIZADA DURANTE O PUERP�RIO,TER REGISTRO DE PELO MENOS 01 VISITA DOMICILIAR POR ACS/TACS REALIZADA DURANTE O PUERP�RIO,TER REGISTRO DE PELO MENOS 01 AVALIA��O ODONTOL�GICA REALIZADA DURANTE O PER�ODO DA GESTA��O POR PROFISSIONAL CIRURGI�(�O) DENTISTA OU T�CNICA(O) EM SA�DE BUCAL OU AUXILIAR DE SA�DE BUCA,SOMAT�RIO DE BOAS PR�TICAS REALIZADAS PARA GESTANTES E PU�RPERAS VINCULADAS � EQUIPE,N�MERO TOTAL DE GESTANTES E PU�RPERAS VINCULADAS � EQUIPE,PONTUA��O
9991018,UNIDADE BASICA DE SAUDE MARIA DA CONCEICAO TRINDADE,CENTRO DE SAUDE/UNIDADE BASICA,0001696327,EQUIPE CONCEICAO,eSF,Barreirinha,Baixo Amazonas,Setembro,Gestantes e pu�rperas,17,8,10,11,19,10,15,5,6,5,21,1160,26,44.62
2708108,CENTRO DE SAUDE GIOVANNA GALLI,CENTRO DE SAUDE/UNIDADE BASICA,0000007382,SAUDE DA FAMILIA,eSF,Barreirinha,Baixo Amazonas,Setembro,Gestantes e pu�rperas,32,10,23,23,31,21,32,18,10,6,40,2246,46,48.83
9453679,UNIDADE BASICA DE SAUDE IRENE BABA DA COSTA,CENTRO DE SAUDE/UNIDADE BASICA,0001676970,NOVA CONQUISTA,eSF,Barreirinha,Baixo Amazonas,Setembro,Gestantes e pu�rperas,19,9,18,20,23,23,13,6,6,5,25,1522,32,47.56
2708108,CENTRO DE SAUDE GIOVANNA GALLI,CENTRO DE SAUDE/UNIDADE BASICA,0000007366,SAUDE BAE,eSF,Barreirinha,Baixo Amazonas,Setembro,Gestantes e pu�rperas,28,13,25,27,27,24,19,18,12,9,28,2098,43,48.79
2016362,UBS HERMINIA MARIA SIMOES,CENTRO DE SAUDE/UNIDADE BASICA,0000007587,ESF CENTRO,eSF,Boa Vista do Ramos,Baixo Amazonas,Setembro,Gestantes e pu�rperas,34,14,25,23,26,18,29,11,12,5,35,2122,41,51.76
270431,UBS MARIA DO SOCORRO OLIVEIRA MATOS,CENTRO DE SAUDE/UNIDADE BASICA,0002275554,ESF MONTE SIAO,eSF,Boa Vista do Ramos,Baixo Amazonas,Setembro,Gestantes e pu�rperas,37,17,23,23,16,23,31,8,14,9,39,2197,46,47.76
4143493,UBS RAIMUNDO ROLIM DA CRUZ,CENTRO DE SAUDE/UNIDADE BASICA,0000007609,ESF ESPERANCA,eSF,Boa Vista do Ramos,Baixo Amazonas,Setembro,Gestantes e pu�rperas,37,21,38,39,31,24,28,17,9,9,40,2674,50,53.48
2019485,CENTRO DE SAUDE CECILIA DE OLIVEIRA SOUZA,CENTRO DE SAUDE/UNIDADE BASICA,0002392895,EAP CECILIA DE OLIVEIRA 02,eAP,Mau�s,Baixo Amazonas,Setembro,Gestantes e pu�rperas,0,0,0,0,0,0,0,0,0,0,0,0,0,0
7249624,CENTRO DE SAUDE SANTA TERESA,CENTRO DE SAUDE/UNIDADE BASICA,0002417480,ESF003 SANTA TERESA,eSF,Mau�s,Baixo Amazonas,Setembro,Gestantes e pu�rperas,16,9,13,14,17,16,10,2,9,5,21,1204,24,50.17
2019485,CENTRO DE SAUDE CECILIA DE OLIVEIRA SOUZA,CENTRO DE SAUDE/UNIDADE BASICA,0002414171,ESF002 CECILIA DE OLIVEIRA,eSF,Mau�s,Baixo Amazonas,Setembro,Gestantes e pu�rperas,10,3,5,5,7,5,8,0,1,1,6,469,10,46.9
2019485,CENTRO DE SAUDE CECILIA DE OLIVEIRA SOUZA,CENTRO DE SAUDE/UNIDADE BASICA,0002392887,EAP CECILIA DE OLIVEIRA 01,eAP,Mau�s,Baixo Amazonas,Setembro,Gestantes e pu�rperas,0,0,0,0,0,0,0,0,0,0,0,0,0,0
2019477,CENTRO DE SAUDE JORGE DE ALMEIDA BRITO,CENTRO DE SAUDE/UNIDADE BASICA,0002399458,ESF003 JORGE BRITO,eSF,Mau�s,Baixo Amazonas,Setembro,Gestantes e pu�rperas,14,8,13,12,13,13,10,6,5,4,12,1004,18,55.78
2019515,CENTRO DE SAUDE FRANCISCO SERGIO DE OLIVEIRA LEITE,CENTRO DE SAUDE/UNIDADE BASICA,0002414120,ESF003 FSOL,eSF,Mau�s,Baixo Amazonas,Setembro,Gestantes e pu�rperas,14,9,17,17,11,17,12,6,7,5,22,1247,24,51.96
2019493,CENTRO DE SAUDE ARACY MAFRA MONTEIRO,CENTRO DE SAUDE/UNIDADE BASICA,0001684140,ESF002 - ARACY MAFRA,eSF,Mau�s,Baixo Amazonas,Setembro,Gestantes e pu�rperas,11,5,8,8,10,7,8,0,4,2,13,695,14,49.64
2019477,CENTRO DE SAUDE JORGE DE ALMEIDA BRITO,CENTRO DE SAUDE/UNIDADE BASICA,0002399423,ESF002 JORGE BRITO,eSF,Mau�s,Baixo Amazonas,Setembro,Gestantes e pu�rperas,17,13,16,17,17,11,16,5,9,5,14,1277,24,53.21
2019485,CENTRO DE SAUDE CECILIA DE OLIVEIRA SOUZA,CENTRO DE SAUDE/UNIDADE BASICA,0002414198,ESF003 CECILIA DE OLIVEIRA,eSF,Mau�s,Baixo Amazonas,Setembro,Gestantes e pu�rperas,14,8,10,10,9,10,12,5,7,3,12,914,17,53.76
2019515,CENTRO DE SAUDE FRANCISCO SERGIO DE OLIVEIRA LEITE,CENTRO DE SAUDE/UNIDADE BASICA,0002414155,ESF004 FSOL,eSF,Mau�s,Baixo Amazonas,Setembro,Gestantes e pu�rperas,17,7,11,12,9,9,11,6,3,2,17,953,18,52.94
2019507,CENTRO DE SAUDE IRMA VERONICA KUMAGAI,CENTRO DE SAUDE/UNIDADE BASICA,0002417901,ESF002 IRMA VERONICA,eSF,Mau�s,Baixo Amazonas,Setembro,Gestantes e pu�rperas,9,4,6,7,3,5,8,0,3,0,13,531,15,35.4
2019507,CENTRO DE SAUDE IRMA VERONICA KUMAGAI,CENTRO DE SAUDE/UNIDADE BASICA,0000012971,ESF001 IRMA VERONICA,eSF,Mau�s,Baixo Amazonas,Setembro,Gestantes e pu�rperas,15,7,8,8,8,10,9,2,6,3,12,807,22,36.68
7249624,CENTRO DE SAUDE SANTA TERESA,CENTRO DE SAUDE/UNIDADE BASICA,0001634119,ESF002 SANTA TERESA,eSF,Mau�s,Baixo Amazonas,Setembro,Gestantes e pu�rperas,23,5,13,10,23,10,18,4,4,4,22,1247,31,40.23
2019515,CENTRO DE SAUDE FRANCISCO SERGIO DE OLIVEIRA LEITE,CENTRO DE SAUDE/UNIDADE BASICA,0000013005,ESF001 FSOL,eSF,Mau�s,Baixo Amazonas,Setembro,Gestantes e pu�rperas,13,6,7,7,8,6,11,4,3,0,11,697,14,49.79
2019515,CENTRO DE SAUDE FRANCISCO SERGIO DE OLIVEIRA LEITE,CENTRO DE SAUDE/UNIDADE BASICA,0002392909,EAP FSOL 01,eAP,Mau�s,Baixo Amazonas,Setembro,Gestantes e pu�rperas,0,0,0,0,0,0,0,0,0,0,0,0,0,0
2019477,CENTRO DE SAUDE JORGE DE ALMEIDA BRITO,CENTRO DE SAUDE/UNIDADE BASICA,0000012874,ESF001 JORGE BRITO,eSF,Mau�s,Baixo Amazonas,Setembro,Gestantes e pu�rperas,19,10,16,17,20,12,13,5,6,7,15,1279,27,47.37
7249624,CENTRO DE SAUDE SANTA TERESA,CENTRO DE SAUDE/UNIDADE BASICA,0000012912,ESF001 SANTA TERESA,eSF,Mau�s,Baixo Amazonas,Setembro,Gestantes e pu�rperas,17,9,14,14,15,14,9,1,6,2,14,1052,26,40.46
2019485,CENTRO DE SAUDE CECILIA DE OLIVEIRA SOUZA,CENTRO DE SAUDE/UNIDADE BASICA,0001623230,ESFR CECILIA DE OLIVEIRA 02,eSF,Mau�s,Baixo Amazonas,Setembro,Gestantes e pu�rperas,15,7,13,11,14,16,13,1,8,7,23,1167,26,44.88
2019485,CENTRO DE SAUDE CECILIA DE OLIVEIRA SOUZA,CENTRO DE SAUDE/UNIDADE BASICA,0000012904,ESF001 CECILIA DE OLIVEIRA,eSF,Mau�s,Baixo Amazonas,Setembro,Gestantes e pu�rperas,11,4,9,9,7,7,5,2,6,1,8,632,13,48.62
2019515,CENTRO DE SAUDE FRANCISCO SERGIO DE OLIVEIRA LEITE,CENTRO DE SAUDE/UNIDADE BASICA,0001623222,ESF002 FSOL,eSF,Mau�s,Baixo Amazonas,Setembro,Gestantes e pu�rperas,8,2,6,8,5,5,5,0,3,2,10,494,12,41.17
2019515,CENTRO DE SAUDE FRANCISCO SERGIO DE OLIVEIRA LEITE,CENTRO DE SAUDE/UNIDADE BASICA,0002392917,EAP FSOL 02,eAP,Mau�s,Baixo Amazonas,Setembro,Gestantes e pu�rperas,0,0,0,0,0,0,0,0,0,0,0,0,0,0
2019493,CENTRO DE SAUDE ARACY MAFRA MONTEIRO,CENTRO DE SAUDE/UNIDADE BASICA,0000012939,ESF001 - ARACY MAFRA,eSF,Mau�s,Baixo Amazonas,Setembro,Gestantes e pu�rperas,11,6,11,11,5,7,8,4,5,3,13,767,13,59
2016508,UNIDADE BASICA DE SAUDE DONA BELEM,CENTRO DE SAUDE/UNIDADE BASICA,0000013048,ESF NOSSA SENHORA ASSUNCAO,eSF,Nhamund�,Baixo Amazonas,Setembro,Gestantes e pu�rperas,19,12,11,19,15,16,1,3,8,4,23,1198,25,47.92
2016532,UNIDADE BASICA DE SAUDE JOSE EVANGELISTA,CENTRO DE SAUDE/UNIDADE BASICA,0001687034,ESF BAIRRO SANTO ANTONIO,eSF,Nhamund�,Baixo Amazonas,Setembro,Gestantes e pu�rperas,10,5,7,7,7,9,0,1,1,2,10,541,14,38.64
2016532,UNIDADE BASICA DE SAUDE JOSE EVANGELISTA,CENTRO DE SAUDE/UNIDADE BASICA,0000013056,ESF GILBERTO MESTRINHO,eSF,Nhamund�,Baixo Amazonas,Setembro,Gestantes e pu�rperas,12,10,6,14,15,11,0,2,4,3,17,858,18,47.67
3090825,CENTRO DE SAUDE PADRE FRANCISCO LUPINO,CENTRO DE SAUDE/UNIDADE BASICA,0002301628,ESF VILA AMAZONIA,eSF,Parintins,Baixo Amazonas,Setembro,Gestantes e pu�rperas,25,15,17,18,21,16,23,14,7,5,29,1735,36,48.19
9640347,UNIDADE BASICA DE SAUDE DO BAIRRO DA UNIAO,CENTRO DE SAUDE/UNIDADE BASICA,0001646141,ESF UNIAO I,eSF,Parintins,Baixo Amazonas,Setembro,Gestantes e pu�rperas,34,11,18,17,27,17,24,8,6,2,25,1735,37,46.89
9640347,UNIDADE BASICA DE SAUDE DO BAIRRO DA UNIAO,CENTRO DE SAUDE/UNIDADE BASICA,0001646184,ESF UNIAO II,eSF,Parintins,Baixo Amazonas,Setembro,Gestantes e pu�rperas,21,5,16,15,16,15,16,14,11,5,23,1434,29,49.45
7768478,UNIDADE BASICA DE SAUDE PAULO PEREIRA,CENTRO DE SAUDE/UNIDADE BASICA,0000013471,ESF XVII PAULO PEREIRA,eSF,Parintins,Baixo Amazonas,Setembro,Gestantes e pu�rperas,28,15,19,18,23,22,25,10,12,9,26,1891,35,54.03
6366538,UNIDADE BASICA DE SAUDE DA FAMILIA ALDRIN VERCOSA,CENTRO DE SAUDE/UNIDADE BASICA,0000013692,ESF XVI - ITAUNA II,eSF,Parintins,Baixo Amazonas,Setembro,Gestantes e pu�rperas,17,7,8,9,13,12,13,9,0,3,12,944,20,47.2
2016796,CENTRO DE SAUDE DR TODA,CENTRO DE SAUDE/UNIDADE BASICA,0000013374,ESF VI TODA,eSF,Parintins,Baixo Amazonas,Setembro,Gestantes e pu�rperas,10,6,9,9,7,5,8,4,6,4,10,712,13,54.77
6366538,UNIDADE BASICA DE SAUDE DA FAMILIA ALDRIN VERCOSA,CENTRO DE SAUDE/UNIDADE BASICA,0000013684,ESF XX ITAUNA II,eSF,Parintins,Baixo Amazonas,Setembro,Gestantes e pu�rperas,23,9,12,15,16,15,22,11,2,4,23,1391,32,43.47
3518876,UNIDADE BASICA DE SAUDE DA FAMILIA MAE PALMIRA,CENTRO DE SAUDE/UNIDADE BASICA,0000013641,ESF XIII - PAULO CORREA,eSF,Parintins,Baixo Amazonas,Setembro,Gestantes e pu�rperas,48,22,25,23,30,23,41,11,10,9,37,2559,59,43.37
2016826,UNIDADE BASICA DE SAUDE DARLINDA RIBEIRO,CENTRO DE SAUDE/UNIDADE BASICA,0000013501,ESF VIII DARLINDA,eSF,Parintins,Baixo Amazonas,Setembro,Gestantes e pu�rperas,22,10,10,10,8,14,22,10,1,2,24,1219,26,46.88
2016818,CENTRO DE SAUDE WALDIR VIANA,CENTRO DE SAUDE/UNIDADE BASICA,0000013447,ESF IV - WALDIR VIANA,eSF,Parintins,Baixo Amazonas,Setembro,Gestantes e pu�rperas,21,11,9,9,8,11,18,12,8,2,16,1146,30,38.2
5602041,UNIDADE BASICA DE SAUDE DA FAMILIA TIA LEO,CENTRO DE SAUDE/UNIDADE BASICA,0000013668,ESF I - ITAUNA I,eSF,Parintins,Baixo Amazonas,Setembro,Gestantes e pu�rperas,14,5,6,5,2,10,14,5,3,0,17,743,20,37.15
7768486,UNIDADE BASICA DE SAUDE DOM ARCANGELO CERQUA,CENTRO DE SAUDE/UNIDADE BASICA,0000013528,ESF VII,eSF,Parintins,Baixo Amazonas,Setembro,Gestantes e pu�rperas,17,6,7,8,4,10,9,5,7,3,12,809,19,42.58
5602041,UNIDADE BASICA DE SAUDE DA FAMILIA TIA LEO,CENTRO DE SAUDE/UNIDADE BASICA,0002293315,ESF MACURANY,eSF,Parintins,Baixo Amazonas,Setembro,Gestantes e pu�rperas,0,0,0,0,0,0,0,0,0,0,0,0,0,0
5602041,UNIDADE BASICA DE SAUDE DA FAMILIA TIA LEO,CENTRO DE SAUDE/UNIDADE BASICA,0001646133,ESF MACURANY,eSF,Parintins,Baixo Amazonas,Setembro,Gestantes e pu�rperas,17,5,8,9,8,10,15,5,2,2,16,890,19,46.84
9640347,UNIDADE BASICA DE SAUDE DO BAIRRO DA UNIAO,CENTRO DE SAUDE/UNIDADE BASICA,0001646176,ESF UNIAO,eSF,Parintins,Baixo Amazonas,Setembro,Gestantes e pu�rperas,34,18,29,29,32,23,23,21,7,8,30,2320,46,50.43
2016796,CENTRO DE SAUDE DR TODA,CENTRO DE SAUDE/UNIDADE BASICA,0000013382,ESF IX TODA,eSF,Parintins,Baixo Amazonas,Setembro,Gestantes e pu�rperas,16,8,11,11,11,9,16,0,5,1,6,862,17,50.71
2016877,CENTRO DE SAUDE IRMAO FRANCISCO GALIANNI,CENTRO DE SAUDE/UNIDADE BASICA,0000013560,ESF II - GALLIANE,eSF,Parintins,Baixo Amazonas,Setembro,Gestantes e pu�rperas,33,18,24,23,15,22,28,16,14,4,30,2076,36,57.67
7768478,UNIDADE BASICA DE SAUDE PAULO PEREIRA,CENTRO DE SAUDE/UNIDADE BASICA,0000013463,ESF XXI PAULO PEREIRA,eSF,Parintins,Baixo Amazonas,Setembro,Gestantes e pu�rperas,30,13,18,19,17,20,27,5,7,4,33,1767,37,47.76
2016877,CENTRO DE SAUDE IRMAO FRANCISCO GALIANNI,CENTRO DE SAUDE/UNIDADE BASICA,0000013552,ESF III - ITAUNA,eSF,Parintins,Baixo Amazonas,Setembro,Gestantes e pu�rperas,42,20,27,27,18,20,39,3,9,1,32,2184,49,44.57
2016826,UNIDADE BASICA DE SAUDE DARLINDA RIBEIRO,CENTRO DE SAUDE/UNIDADE BASICA,0000013498,ESF V DARLINDA,eSF,Parintins,Baixo Amazonas,Setembro,Gestantes e pu�rperas,17,10,9,8,8,12,15,4,2,2,16,944,19,49.68
2016818,CENTRO DE SAUDE WALDIR VIANA,CENTRO DE SAUDE/UNIDADE BASICA,0000013455,ESF XI - WALDIR VIANA,eSF,Parintins,Baixo Amazonas,Setembro,Gestantes e pu�rperas,6,3,4,3,3,4,3,2,2,1,5,330,8,41.25
5602041,UNIDADE BASICA DE SAUDE DA FAMILIA TIA LEO,CENTRO DE SAUDE/UNIDADE BASICA,0000013676,ESF XVIII - DJARD VIEIRA,eSF,Parintins,Baixo Amazonas,Setembro,Gestantes e pu�rperas,31,10,10,9,12,14,27,7,8,4,22,1417,32,44.28
2016796,CENTRO DE SAUDE DR TODA,CENTRO DE SAUDE/UNIDADE BASICA,0000013412,ESF X TODA,eSF,Parintins,Baixo Amazonas,Setembro,Gestantes e pu�rperas,9,5,8,8,4,9,8,4,6,1,8,639,14,45.64
3518876,UNIDADE BASICA DE SAUDE DA FAMILIA MAE PALMIRA,CENTRO DE SAUDE/UNIDADE BASICA,0000013633,ESF XV - ITAUNA II,eSF,Parintins,Baixo Amazonas,Setembro,Gestantes e pu�rperas,56,23,33,31,40,26,54,18,12,4,52,3197,57,56.09
3090825,CENTRO DE SAUDE PADRE FRANCISCO LUPINO,CENTRO DE SAUDE/UNIDADE BASICA,0000013579,ESF FCO LUPINO,eSF,Parintins,Baixo Amazonas,Setembro,Gestantes e pu�rperas,20,14,16,16,8,13,18,11,1,6,26,1361,31,43.9
7768486,UNIDADE BASICA DE SAUDE DOM ARCANGELO CERQUA,CENTRO DE SAUDE/UNIDADE BASICA,0000013536,ESF XIV,eSF,Parintins,Baixo Amazonas,Setembro,Gestantes e pu�rperas,27,9,12,11,16,18,13,2,4,3,19,1233,31,39.77
2016818,CENTRO DE SAUDE WALDIR VIANA,CENTRO DE SAUDE/UNIDADE BASICA,0000013439,ESF XIX WALDIR VIANA,eSF,Parintins,Baixo Amazonas,Setembro,Gestantes e pu�rperas,17,7,11,10,14,10,7,7,3,2,14,935,25,37.4
2708825,UNIDADE BASICA DE SAUDE JOSE RESK MAKLOUF,CENTRO DE SAUDE/UNIDADE BASICA,0000009504,CENTRO,eSF,Itacoatiara,M�dio Amazonas,Setembro,Gestantes e pu�rperas,29,11,20,20,23,13,27,11,10,4,26,1775,30,59.17
6790801,UNIDADE BASICA DE SAUDE IPORA,CENTRO DE SAUDE/UNIDADE BASICA,0000009628,IPORA,eSF,Itacoatiara,M�dio Amazonas,Setembro,Gestantes e pu�rperas,13,6,10,9,7,7,10,5,3,2,12,769,14,54.93
2017342,UNIDADE BASICA DE SAUDE EUDOCIA DE OLIVEIRA DA SILVA,CENTRO DE SAUDE/UNIDADE BASICA,0000009407,POLO I,eSF,Itacoatiara,M�dio Amazonas,Setembro,Gestantes e pu�rperas,8,3,5,5,4,4,6,3,1,1,7,431,9,47.89
2017369,UNIDADE BASICA DE SAUDE FRANCISCO FERREIRA DE ATHAYDE,CENTRO DE SAUDE/UNIDADE BASICA,0001507214,VILA DE LINDOIA-ESTRADA AM 010,eSF,Itacoatiara,M�dio Amazonas,Setembro,Gestantes e pu�rperas,10,3,5,7,7,5,7,4,1,1,8,532,12,44.33
2017326,UNIDADE BASICA DE SAUDE PAULO GOMES DA SILVA,CENTRO DE SAUDE/UNIDADE BASICA,0000009350,SAO FRANCISCO,eSF,Itacoatiara,M�dio Amazonas,Setembro,Gestantes e pu�rperas,48,21,29,29,37,27,43,8,8,8,40,2730,53,51.51
2017342,UNIDADE BASICA DE SAUDE EUDOCIA DE OLIVEIRA DA SILVA,CENTRO DE SAUDE/UNIDADE BASICA,0000009393,VILA DE NOVO REMANSO,eSF,Itacoatiara,M�dio Amazonas,Setembro,Gestantes e pu�rperas,33,22,23,22,30,22,30,18,17,11,17,2238,35,63.94
2017342,UNIDADE BASICA DE SAUDE EUDOCIA DE OLIVEIRA DA SILVA,CENTRO DE SAUDE/UNIDADE BASICA,0001528998,NOVO REMANSO II,eSF,Itacoatiara,M�dio Amazonas,Setembro,Gestantes e pu�rperas,44,22,32,34,33,30,39,18,17,7,44,2924,52,56.23
6004660,UNIDADE BASICA DE SAUDE EXPEDITA HOLANDA DA SILVA,CENTRO DE SAUDE/UNIDADE BASICA,0001501623,VILA DO ENGENHO RIBEIRINHO,eSF,Itacoatiara,M�dio Amazonas,Setembro,Gestantes e pu�rperas,14,4,10,13,8,6,8,3,3,3,16,806,19,42.42
5606667,UNIDADE BASICA DE SAUDE BERNARDINO DESSIMONI,CENTRO DE SAUDE/UNIDADE BASICA,0000009571,MAMOUD AMED FILHO,eSF,Itacoatiara,M�dio Amazonas,Setembro,Gestantes e pu�rperas,54,41,46,50,46,43,50,29,18,10,63,4104,69,59.48
2708825,UNIDADE BASICA DE SAUDE JOSE RESK MAKLOUF,CENTRO DE SAUDE/UNIDADE BASICA,0000009490,SANTA LUZIA/CENTRO,eSF,Itacoatiara,M�dio Amazonas,Setembro,Gestantes e pu�rperas,24,12,13,14,15,12,22,8,8,3,23,1410,27,52.22
5606667,UNIDADE BASICA DE SAUDE BERNARDINO DESSIMONI,CENTRO DE SAUDE/UNIDADE BASICA,0000009555,EDUARDO BRAGA II/JARDIM FLORES,eSF,Itacoatiara,M�dio Amazonas,Setembro,Gestantes e pu�rperas,46,26,28,29,28,24,45,25,14,5,49,2917,50,58.34
2017350,UNIDADE BASICA DE SAUDE SANTO ANTONIO,CENTRO DE SAUDE/UNIDADE BASICA,0000009415,S. RAIMUNDO/PICARREIRA/A. COST,eSF,Itacoatiara,M�dio Amazonas,Setembro,Gestantes e pu�rperas,36,20,30,31,28,23,37,12,13,6,36,2484,45,55.2
2017350,UNIDADE BASICA DE SAUDE SANTO ANTONIO,CENTRO DE SAUDE/UNIDADE BASICA,0000009458,SANTO ANTONIO,eSF,Itacoatiara,M�dio Amazonas,Setembro,Gestantes e pu�rperas,36,20,28,29,21,24,35,14,9,2,39,2349,45,52.2
2708825,UNIDADE BASICA DE SAUDE JOSE RESK MAKLOUF,CENTRO DE SAUDE/UNIDADE BASICA,0000009474,IRACY II,eSF,Itacoatiara,M�dio Amazonas,Setembro,Gestantes e pu�rperas,19,10,12,12,12,8,18,8,6,4,14,1126,23,48.96
2013827,UNIDADE BASICA DE SAUDE NICOLAS EUTHEMES LEKAKIS NETO,CENTRO DE SAUDE/UNIDADE BASICA,0000009334,JAUARY I,eSF,Itacoatiara,M�dio Amazonas,Setembro,Gestantes e pu�rperas,37,23,30,28,35,26,34,21,19,7,40,2737,47,58.23
6004660,UNIDADE BASICA DE SAUDE EXPEDITA HOLANDA DA SILVA,CENTRO DE SAUDE/UNIDADE BASICA,0000009598,VILA DE ENGENHO,eSF,Itacoatiara,M�dio Amazonas,Setembro,Gestantes e pu�rperas,37,18,31,32,28,24,29,9,12,6,36,2395,42,57.02
2017326,UNIDADE BASICA DE SAUDE PAULO GOMES DA SILVA,CENTRO DE SAUDE/UNIDADE BASICA,0000009377,SAO CRISTOVAO,eSF,Itacoatiara,M�dio Amazonas,Setembro,Gestantes e pu�rperas,32,17,22,23,35,19,30,13,10,9,35,2237,43,52.02
2013827,UNIDADE BASICA DE SAUDE NICOLAS EUTHEMES LEKAKIS NETO,CENTRO DE SAUDE/UNIDADE BASICA,0000009318,SAO JORGE,eSF,Itacoatiara,M�dio Amazonas,Setembro,Gestantes e pu�rperas,42,19,27,27,32,27,39,17,18,8,50,2796,55,50.84
6804683,UNIDADE BASICA DE SAUDE VILA DO BATISTA,CENTRO DE SAUDE/UNIDADE BASICA,0000009636,RIO ARARI - II,eSF,Itacoatiara,M�dio Amazonas,Setembro,Gestantes e pu�rperas,40,13,29,47,38,31,37,17,9,7,49,2893,69,41.93
2017334,UNIDADE BASICA DE SAUDE MANOEL MENDES DA SILVA,CENTRO DE SAUDE/UNIDADE BASICA,0002417871,PORANGA III,eSF,Itacoatiara,M�dio Amazonas,Setembro,Gestantes e pu�rperas,23,10,16,17,20,11,20,11,10,6,24,1535,27,56.85
2017334,UNIDADE BASICA DE SAUDE MANOEL MENDES DA SILVA,CENTRO DE SAUDE/UNIDADE BASICA,0000009385,JACAREZINHO - PORANGA - NOVA,eSF,Itacoatiara,M�dio Amazonas,Setembro,Gestantes e pu�rperas,28,11,16,17,20,17,25,9,8,3,26,1648,29,56.83
2017334,UNIDADE BASICA DE SAUDE MANOEL MENDES DA SILVA,CENTRO DE SAUDE/UNIDADE BASICA,0001467158,COLONIA - PEDREIRAS,eSF,Itacoatiara,M�dio Amazonas,Setembro,Gestantes e pu�rperas,30,13,25,25,17,24,30,17,8,4,38,2109,42,50.21
2017350,UNIDADE BASICA DE SAUDE SANTO ANTONIO,CENTRO DE SAUDE/UNIDADE BASICA,0000009423,TIRADENTES,eSF,Itacoatiara,M�dio Amazonas,Setembro,Gestantes e pu�rperas,38,14,21,22,22,22,35,13,7,5,32,2117,40,52.93
4311450,UNIDADE BASICA DE SAUDE OLGA MENEZES DE FREITAS,CENTRO DE SAUDE/UNIDADE BASICA,0002385686,SAO PEDRO DO IRACEMA,eSF,Itacoatiara,M�dio Amazonas,Setembro,Gestantes e pu�rperas,22,12,18,20,19,13,17,11,7,7,20,1516,23,65.91
2013827,UNIDADE BASICA DE SAUDE NICOLAS EUTHEMES LEKAKIS NETO,CENTRO DE SAUDE/UNIDADE BASICA,0000009326,JAUARY II,eSF,Itacoatiara,M�dio Amazonas,Setembro,Gestantes e pu�rperas,36,16,19,20,25,14,33,18,13,7,22,2043,41,49.83
6790771,UNIDADE BASICA DE SAUDE MANOEL ELOI RONDON,CENTRO DE SAUDE/UNIDADE BASICA,0000009601,POLO VI PSF,eSF,Itacoatiara,M�dio Amazonas,Setembro,Gestantes e pu�rperas,47,25,39,43,40,30,43,23,14,7,49,3287,52,63.21
5606667,UNIDADE BASICA DE SAUDE BERNARDINO DESSIMONI,CENTRO DE SAUDE/UNIDADE BASICA,0000009563,EDUARDO BRAGA I E JARDIM FLORE,eSF,Itacoatiara,M�dio Amazonas,Setembro,Gestantes e pu�rperas,52,25,34,38,40,29,49,17,24,13,50,3391,63,53.83
2017326,UNIDADE BASICA DE SAUDE PAULO GOMES DA SILVA,CENTRO DE SAUDE/UNIDADE BASICA,0000009342,NOGUEIRA JUNIOR/JARDIM AMANDA,eSF,Itacoatiara,M�dio Amazonas,Setembro,Gestantes e pu�rperas,38,19,21,22,33,20,30,19,11,7,40,2378,50,47.56
2017369,UNIDADE BASICA DE SAUDE FRANCISCO FERREIRA DE ATHAYDE,CENTRO DE SAUDE/UNIDADE BASICA,0000009466,RAMAIS - VILA DE LINDOIA,eSF,Itacoatiara,M�dio Amazonas,Setembro,Gestantes e pu�rperas,20,5,12,13,12,10,18,8,3,2,16,1091,21,51.95
7497822,UNIDADE BASICA DE SAUDE NERCILIO DE SOUZA LIMA,CENTRO DE SAUDE/UNIDADE BASICA,0000009717,PSF III - DR. LIMA,eSF,Itapiranga,M�dio Amazonas,Setembro,Gestantes e pu�rperas,40,19,35,39,32,26,7,18,17,9,42,2596,51,50.9
9933301,UNIDADE BASICA DE SAUDE FLUVIAL JOAO NELIO COELHO DE LIMA,UNIDADE MOVEL FLUVIAL,0000009709,JOAO NELIO,eSF,Itapiranga,M�dio Amazonas,Setembro,Gestantes e pu�rperas,10,10,15,16,5,13,6,7,4,3,13,928,18,51.56
5477018,UNIDADE BASICA DE SAUDE EVANILDE SOUZA DA COSTA,CENTRO DE SAUDE/UNIDADE BASICA,0000009725,PSF II - IVANILDE COSTA,eSF,Itapiranga,M�dio Amazonas,Setembro,Gestantes e pu�rperas,39,15,27,27,26,24,10,6,11,6,36,2082,45,46.27
5476755,UNIDADE BASICA DE SAUDE JOSE SMITH,CENTRO DE SAUDE/UNIDADE BASICA,0000009687,PSF I - JOSE SMITH,eSF,Itapiranga,M�dio Amazonas,Setembro,Gestantes e pu�rperas,22,9,21,23,17,17,8,8,5,3,20,1399,28,49.96
3037150,UNIDADE BASICA DE SAUDE ALTAIR FERNANDES,CENTRO DE SAUDE/UNIDADE BASICA,0000014400,PSF - II,eSF,S�o Sebasti�o do Uatum�,M�dio Amazonas,Setembro,Gestantes e pu�rperas,41,19,25,25,29,26,39,17,16,8,40,2606,41,63.56
3037169,UNIDADE BASICA DE SAUDE MARIA DE LOURDES MARTINS DE ALMEIDA,CENTRO DE SAUDE/UNIDADE BASICA,0000014419,PSF - I,eSF,S�o Sebasti�o do Uatum�,M�dio Amazonas,Setembro,Gestantes e pu�rperas,26,11,18,19,27,20,25,14,10,4,28,1844,32,57.63
7482396,UNIDADE BASICA DE SAUDE DALILA MONTEIRO,CENTRO DE SAUDE/UNIDADE BASICA,0002193809,PSF - VI,eSF,S�o Sebasti�o do Uatum�,M�dio Amazonas,Setembro,Gestantes e pu�rperas,1,0,0,1,1,1,1,0,0,0,1,55,1,55
7482396,UNIDADE BASICA DE SAUDE DALILA MONTEIRO,CENTRO DE SAUDE/UNIDADE BASICA,0001522116,PSF - V,eSF,S�o Sebasti�o do Uatum�,M�dio Amazonas,Setembro,Gestantes e pu�rperas,26,15,19,19,25,20,26,16,6,7,29,1898,32,59.31
2018594,UBS ZOLIMA GARCIA,CENTRO DE SAUDE/UNIDADE BASICA,0000014443,ESF I - CIDADE DE SILVES,eSF,Silves,M�dio Amazonas,Setembro,Gestantes e pu�rperas,29,10,24,22,24,14,10,11,7,5,29,1694,33,51.33
4842170,UBS PRIMEIRA DAMA MARIA DO SOCORRO GRANA,CENTRO DE SAUDE/UNIDADE BASICA,0002484579,ESF V - CIDADE DE SILVES,eSF,Silves,M�dio Amazonas,Setembro,Gestantes e pu�rperas,15,4,11,10,10,5,5,4,2,3,16,780,21,37.14
7910541,UBS GUIOMAR DE OLIVEIRA LIRA,CENTRO DE SAUDE/UNIDADE BASICA,0000014451,ESF IV -SILVES/LAGO SARACA,eSF,Silves,M�dio Amazonas,Setembro,Gestantes e pu�rperas,39,19,29,32,29,24,26,11,7,20,34,2469,52,47.48
3420094,UNIDADE BASICA DE SAUDE ANA COSTA DE MACEDO,CENTRO DE SAUDE/UNIDADE BASICA,0000015059,PSF - V,eSF,Urucar�,M�dio Amazonas,Setembro,Gestantes e pu�rperas,10,4,9,8,8,4,3,1,3,0,8,532,13,40.92
4004868,CENTRO DE SAUDE JUDITE TORRES DA CUNHA,CENTRO DE SAUDE/UNIDADE BASICA,0000015105,PSF - III,eSF,Urucar�,M�dio Amazonas,Setembro,Gestantes e pu�rperas,21,10,17,16,21,14,12,2,3,4,13,1218,27,45.11
4004868,CENTRO DE SAUDE JUDITE TORRES DA CUNHA,CENTRO DE SAUDE/UNIDADE BASICA,0000015091,PSF - IV,eSF,Urucar�,M�dio Amazonas,Setembro,Gestantes e pu�rperas,23,16,25,24,25,17,14,9,15,9,28,1868,35,53.37
9117938,UNIDADE BASICA DE SAUDE DR JOAO PEREIRA DE LIMA,CENTRO DE SAUDE/UNIDADE BASICA,0000015083,PSF - II,eSF,Urucar�,M�dio Amazonas,Setembro,Gestantes e pu�rperas,25,11,19,19,23,22,11,10,8,5,26,1636,35,46.74
3453944,UNIDADE BASICA DE SAUDE MUNDINHA MENDONCA,CENTRO DE SAUDE/UNIDADE BASICA,0000015075,PSF - I,eSF,Urucar�,M�dio Amazonas,Setembro,Gestantes e pu�rperas,30,15,28,28,31,31,26,19,11,11,34,2406,44,54.68
5060818,UNIDADE BASICA DE SAUDE OSVALDO DA SILVA DE OLIVEIRA,CENTRO DE SAUDE/UNIDADE BASICA,0000015067,ESF - VII,eSF,Urucar�,M�dio Amazonas,Setembro,Gestantes e pu�rperas,4,1,3,2,5,5,3,1,1,3,7,319,9,35.44
5060818,UNIDADE BASICA DE SAUDE OSVALDO DA SILVA DE OLIVEIRA,CENTRO DE SAUDE/UNIDADE BASICA,0000015113,PSF - VI,eSF,Urucar�,M�dio Amazonas,Setembro,Gestantes e pu�rperas,16,2,7,5,10,8,7,1,3,0,19,718,19,37.79
9622934,UBS EDNA MATOS PARA,CENTRO DE SAUDE/UNIDADE BASICA,0000015148,EQUIPE PSF URBANA II,eSF,Urucurituba,M�dio Amazonas,Setembro,Gestantes e pu�rperas,28,14,19,19,20,14,26,14,7,7,33,1837,36,51.03
3005364,UBS DOMINGAS ROLIM MOURAO,CENTRO DE SAUDE/UNIDADE BASICA,0001687859,EQUIPE PSF URBANA V,eSF,Urucurituba,M�dio Amazonas,Setembro,Gestantes e pu�rperas,9,2,6,5,8,6,7,4,2,1,10,549,11,49.91
7057202,UBS GERSON KETTLE,CENTRO DE SAUDE/UNIDADE BASICA,0001704036,ESF URBANA VI,eSF,Urucurituba,M�dio Amazonas,Setembro,Gestantes e pu�rperas,23,11,6,6,19,16,20,11,6,3,24,1328,28,47.43
7057202,UBS GERSON KETTLE,CENTRO DE SAUDE/UNIDADE BASICA,0000015180,EQUIPE PSF URBANA III,eSF,Urucurituba,M�dio Amazonas,Setembro,Gestantes e pu�rperas,17,8,9,9,17,11,17,8,4,2,18,1097,20,54.85
9622934,UBS EDNA MATOS PARA,CENTRO DE SAUDE/UNIDADE BASICA,0001670050,EQUIPE PSF URBANA IV,eSF,Urucurituba,M�dio Amazonas,Setembro,Gestantes e pu�rperas,15,6,9,9,10,7,13,7,7,4,17,951,18,52.83
287539,UBS DR DAVID CARDENAS BENAVENTE,CENTRO DE SAUDE/UNIDADE BASICA,0000015164,EQUIPE PSF RURAL II,eSF,Urucurituba,M�dio Amazonas,Setembro,Gestantes e pu�rperas,25,6,15,15,15,10,24,5,6,4,23,1357,26,52.19
3005364,UBS DOMINGAS ROLIM MOURAO,CENTRO DE SAUDE/UNIDADE BASICA,0000015121,EQUIPE PSF URBANA I,eSF,Urucurituba,M�dio Amazonas,Setembro,Gestantes e pu�rperas,9,4,8,8,11,9,9,3,4,1,14,729,15,48.6
9991018,UNIDADE BASICA DE SAUDE MARIA DA CONCEICAO TRINDADE,CENTRO DE SAUDE/UNIDADE BASICA,0001696327,EQUIPE CONCEICAO,eSF,Barreirinha,Baixo Amazonas,Outubro,Gestantes e pu�rperas,22,8,12,12,24,15,19,6,8,8,25,1453,32,45.41
2708108,CENTRO DE SAUDE GIOVANNA GALLI,CENTRO DE SAUDE/UNIDADE BASICA,0000007382,SAUDE DA FAMILIA,eSF,Barreirinha,Baixo Amazonas,Outubro,Gestantes e pu�rperas,36,13,25,30,34,27,34,20,7,8,42,2520,50,50.4
9453679,UNIDADE BASICA DE SAUDE IRENE BABA DA COSTA,CENTRO DE SAUDE/UNIDADE BASICA,0001676970,NOVA CONQUISTA,eSF,Barreirinha,Baixo Amazonas,Outubro,Gestantes e pu�rperas,18,10,19,19,24,22,15,7,5,9,26,1584,34,46.59
2708108,CENTRO DE SAUDE GIOVANNA GALLI,CENTRO DE SAUDE/UNIDADE BASICA,0000007366,SAUDE BAE,eSF,Barreirinha,Baixo Amazonas,Outubro,Gestantes e pu�rperas,26,12,23,25,25,24,19,16,8,6,25,1907,40,47.68
2016362,UBS HERMINIA MARIA SIMOES,CENTRO DE SAUDE/UNIDADE BASICA,0000007587,ESF CENTRO,eSF,Boa Vista do Ramos,Baixo Amazonas,Outubro,Gestantes e pu�rperas,35,12,28,28,27,22,30,10,11,5,34,2213,41,53.98
270431,UBS MARIA DO SOCORRO OLIVEIRA MATOS,CENTRO DE SAUDE/UNIDADE BASICA,0002275554,ESF MONTE SIAO,eSF,Boa Vista do Ramos,Baixo Amazonas,Outubro,Gestantes e pu�rperas,35,20,26,26,24,24,29,11,13,7,38,2312,43,53.77
4143493,UBS RAIMUNDO ROLIM DA CRUZ,CENTRO DE SAUDE/UNIDADE BASICA,0000007609,ESF ESPERANCA,eSF,Boa Vista do Ramos,Baixo Amazonas,Outubro,Gestantes e pu�rperas,36,23,40,41,31,25,28,19,10,10,42,2781,48,57.94
2019485,CENTRO DE SAUDE CECILIA DE OLIVEIRA SOUZA,CENTRO DE SAUDE/UNIDADE BASICA,0002392895,EAP CECILIA DE OLIVEIRA 02,eAP,Mau�s,Baixo Amazonas,Outubro,Gestantes e pu�rperas,0,0,0,0,0,0,0,0,0,0,0,0,0,0
7249624,CENTRO DE SAUDE SANTA TERESA,CENTRO DE SAUDE/UNIDADE BASICA,0002417480,ESF003 SANTA TERESA,eSF,Mau�s,Baixo Amazonas,Outubro,Gestantes e pu�rperas,17,11,16,18,19,19,11,3,12,9,23,1439,26,55.35
2019485,CENTRO DE SAUDE CECILIA DE OLIVEIRA SOUZA,CENTRO DE SAUDE/UNIDADE BASICA,0002414171,ESF002 CECILIA DE OLIVEIRA,eSF,Mau�s,Baixo Amazonas,Outubro,Gestantes e pu�rperas,10,3,6,6,6,8,8,0,4,2,8,559,11,50.82
2019485,CENTRO DE SAUDE CECILIA DE OLIVEIRA SOUZA,CENTRO DE SAUDE/UNIDADE BASICA,0002392887,EAP CECILIA DE OLIVEIRA 01,eAP,Mau�s,Baixo Amazonas,Outubro,Gestantes e pu�rperas,0,0,0,0,0,0,0,0,0,0,0,0,0,0
2019477,CENTRO DE SAUDE JORGE DE ALMEIDA BRITO,CENTRO DE SAUDE/UNIDADE BASICA,0002399458,ESF003 JORGE BRITO,eSF,Mau�s,Baixo Amazonas,Outubro,Gestantes e pu�rperas,12,6,10,9,13,10,8,5,3,1,13,822,17,48.35
2019515,CENTRO DE SAUDE FRANCISCO SERGIO DE OLIVEIRA LEITE,CENTRO DE SAUDE/UNIDADE BASICA,0002414120,ESF003 FSOL,eSF,Mau�s,Baixo Amazonas,Outubro,Gestantes e pu�rperas,14,8,14,14,12,16,10,6,8,7,20,1175,23,51.09
2019493,CENTRO DE SAUDE ARACY MAFRA MONTEIRO,CENTRO DE SAUDE/UNIDADE BASICA,0001684140,ESF002 - ARACY MAFRA,eSF,Mau�s,Baixo Amazonas,Outubro,Gestantes e pu�rperas,12,7,11,11,13,8,8,1,4,3,15,849,16,53.06
2019477,CENTRO DE SAUDE JORGE DE ALMEIDA BRITO,CENTRO DE SAUDE/UNIDADE BASICA,0002399423,ESF002 JORGE BRITO,eSF,Mau�s,Baixo Amazonas,Outubro,Gestantes e pu�rperas,18,13,21,18,18,12,17,5,8,6,14,1368,31,44.13
2019485,CENTRO DE SAUDE CECILIA DE OLIVEIRA SOUZA,CENTRO DE SAUDE/UNIDADE BASICA,0002414198,ESF003 CECILIA DE OLIVEIRA,eSF,Mau�s,Baixo Amazonas,Outubro,Gestantes e pu�rperas,13,5,8,9,10,8,9,5,4,5,11,796,14,56.86
2019515,CENTRO DE SAUDE FRANCISCO SERGIO DE OLIVEIRA LEITE,CENTRO DE SAUDE/UNIDADE BASICA,0002414155,ESF004 FSOL,eSF,Mau�s,Baixo Amazonas,Outubro,Gestantes e pu�rperas,21,8,16,17,13,13,13,7,3,3,21,1236,23,53.74
2019507,CENTRO DE SAUDE IRMA VERONICA KUMAGAI,CENTRO DE SAUDE/UNIDADE BASICA,0002417901,ESF002 IRMA VERONICA,eSF,Mau�s,Baixo Amazonas,Outubro,Gestantes e pu�rperas,17,7,9,10,4,8,13,2,6,2,16,863,23,37.52
2019507,CENTRO DE SAUDE IRMA VERONICA KUMAGAI,CENTRO DE SAUDE/UNIDADE BASICA,0000012971,ESF001 IRMA VERONICA,eSF,Mau�s,Baixo Amazonas,Outubro,Gestantes e pu�rperas,20,6,11,12,8,9,14,1,8,5,15,1001,25,40.04
7249624,CENTRO DE SAUDE SANTA TERESA,CENTRO DE SAUDE/UNIDADE BASICA,0001634119,ESF002 SANTA TERESA,eSF,Mau�s,Baixo Amazonas,Outubro,Gestantes e pu�rperas,21,10,15,16,24,10,16,4,9,4,23,1389,29,47.9
2019515,CENTRO DE SAUDE FRANCISCO SERGIO DE OLIVEIRA LEITE,CENTRO DE SAUDE/UNIDADE BASICA,0000013005,ESF001 FSOL,eSF,Mau�s,Baixo Amazonas,Outubro,Gestantes e pu�rperas,16,7,11,11,12,8,13,6,5,2,14,961,17,56.53
2019515,CENTRO DE SAUDE FRANCISCO SERGIO DE OLIVEIRA LEITE,CENTRO DE SAUDE/UNIDADE BASICA,0002392909,EAP FSOL 01,eAP,Mau�s,Baixo Amazonas,Outubro,Gestantes e pu�rperas,0,0,0,0,0,0,0,0,0,0,0,0,0,0
2019477,CENTRO DE SAUDE JORGE DE ALMEIDA BRITO,CENTRO DE SAUDE/UNIDADE BASICA,0000012874,ESF001 JORGE BRITO,eSF,Mau�s,Baixo Amazonas,Outubro,Gestantes e pu�rperas,20,10,17,16,19,15,13,6,7,7,15,1325,28,47.32
7249624,CENTRO DE SAUDE SANTA TERESA,CENTRO DE SAUDE/UNIDADE BASICA,0000012912,ESF001 SANTA TERESA,eSF,Mau�s,Baixo Amazonas,Outubro,Gestantes e pu�rperas,19,11,13,13,16,13,11,1,7,3,14,1108,27,41.04
2019485,CENTRO DE SAUDE CECILIA DE OLIVEIRA SOUZA,CENTRO DE SAUDE/UNIDADE BASICA,0001623230,ESFR CECILIA DE OLIVEIRA 02,eSF,Mau�s,Baixo Amazonas,Outubro,Gestantes e pu�rperas,17,9,16,13,20,21,14,8,9,8,28,1484,29,51.17
2019485,CENTRO DE SAUDE CECILIA DE OLIVEIRA SOUZA,CENTRO DE SAUDE/UNIDADE BASICA,0000012904,ESF001 CECILIA DE OLIVEIRA,eSF,Mau�s,Baixo Amazonas,Outubro,Gestantes e pu�rperas,10,7,8,9,8,6,5,4,8,1,7,667,13,51.31
2019515,CENTRO DE SAUDE FRANCISCO SERGIO DE OLIVEIRA LEITE,CENTRO DE SAUDE/UNIDADE BASICA,0001623222,ESF002 FSOL,eSF,Mau�s,Baixo Amazonas,Outubro,Gestantes e pu�rperas,10,2,6,9,8,5,7,0,3,2,10,568,13,43.69
2019515,CENTRO DE SAUDE FRANCISCO SERGIO DE OLIVEIRA LEITE,CENTRO DE SAUDE/UNIDADE BASICA,0002392917,EAP FSOL 02,eAP,Mau�s,Baixo Amazonas,Outubro,Gestantes e pu�rperas,0,0,0,0,0,0,0,0,0,0,0,0,0,0
2019493,CENTRO DE SAUDE ARACY MAFRA MONTEIRO,CENTRO DE SAUDE/UNIDADE BASICA,0000012939,ESF001 - ARACY MAFRA,eSF,Mau�s,Baixo Amazonas,Outubro,Gestantes e pu�rperas,10,4,9,9,5,6,7,4,4,3,11,658,11,59.82
2016508,UNIDADE BASICA DE SAUDE DONA BELEM,CENTRO DE SAUDE/UNIDADE BASICA,0000013048,ESF NOSSA SENHORA ASSUNCAO,eSF,Nhamund�,Baixo Amazonas,Outubro,Gestantes e pu�rperas,13,8,11,12,10,12,2,1,6,4,17,877,19,46.16
2016532,UNIDADE BASICA DE SAUDE JOSE EVANGELISTA,CENTRO DE SAUDE/UNIDADE BASICA,0001687034,ESF BAIRRO SANTO ANTONIO,eSF,Nhamund�,Baixo Amazonas,Outubro,Gestantes e pu�rperas,14,6,10,10,8,10,0,1,2,2,12,689,18,38.28
2016532,UNIDADE BASICA DE SAUDE JOSE EVANGELISTA,CENTRO DE SAUDE/UNIDADE BASICA,0000013056,ESF GILBERTO MESTRINHO,eSF,Nhamund�,Baixo Amazonas,Outubro,Gestantes e pu�rperas,12,13,8,16,15,15,0,3,6,2,17,975,18,54.17
3090825,CENTRO DE SAUDE PADRE FRANCISCO LUPINO,CENTRO DE SAUDE/UNIDADE BASICA,0002301628,ESF VILA AMAZONIA,eSF,Parintins,Baixo Amazonas,Outubro,Gestantes e pu�rperas,25,11,14,14,13,10,23,9,6,2,22,1366,33,41.39
9640347,UNIDADE BASICA DE SAUDE DO BAIRRO DA UNIAO,CENTRO DE SAUDE/UNIDADE BASICA,0001646141,ESF UNIAO I,eSF,Parintins,Baixo Amazonas,Outubro,Gestantes e pu�rperas,35,14,21,23,28,19,26,7,9,2,28,1943,37,52.51
9640347,UNIDADE BASICA DE SAUDE DO BAIRRO DA UNIAO,CENTRO DE SAUDE/UNIDADE BASICA,0001646184,ESF UNIAO II,eSF,Parintins,Baixo Amazonas,Outubro,Gestantes e pu�rperas,25,6,17,16,14,14,18,13,11,6,25,1510,33,45.76
7768478,UNIDADE BASICA DE SAUDE PAULO PEREIRA,CENTRO DE SAUDE/UNIDADE BASICA,0000013471,ESF XVII PAULO PEREIRA,eSF,Parintins,Baixo Amazonas,Outubro,Gestantes e pu�rperas,28,14,15,16,21,18,25,8,9,4,22,1648,31,53.16
6366538,UNIDADE BASICA DE SAUDE DA FAMILIA ALDRIN VERCOSA,CENTRO DE SAUDE/UNIDADE BASICA,0000013692,ESF XVI - ITAUNA II,eSF,Parintins,Baixo Amazonas,Outubro,Gestantes e pu�rperas,16,7,10,10,12,10,12,9,0,4,11,925,18,51.39
2016796,CENTRO DE SAUDE DR TODA,CENTRO DE SAUDE/UNIDADE BASICA,0000013374,ESF VI TODA,eSF,Parintins,Baixo Amazonas,Outubro,Gestantes e pu�rperas,10,6,10,10,8,5,8,3,5,3,12,730,16,45.63
6366538,UNIDADE BASICA DE SAUDE DA FAMILIA ALDRIN VERCOSA,CENTRO DE SAUDE/UNIDADE BASICA,0000013684,ESF XX ITAUNA II,eSF,Parintins,Baixo Amazonas,Outubro,Gestantes e pu�rperas,27,10,17,16,18,19,24,13,3,3,25,1602,36,44.5
3518876,UNIDADE BASICA DE SAUDE DA FAMILIA MAE PALMIRA,CENTRO DE SAUDE/UNIDADE BASICA,0000013641,ESF XIII - PAULO CORREA,eSF,Parintins,Baixo Amazonas,Outubro,Gestantes e pu�rperas,50,21,28,24,36,25,43,13,8,9,43,2750,59,46.61
2016826,UNIDADE BASICA DE SAUDE DARLINDA RIBEIRO,CENTRO DE SAUDE/UNIDADE BASICA,0000013501,ESF VIII DARLINDA,eSF,Parintins,Baixo Amazonas,Outubro,Gestantes e pu�rperas,23,10,10,10,9,14,23,10,2,1,23,1238,26,47.62
2016818,CENTRO DE SAUDE WALDIR VIANA,CENTRO DE SAUDE/UNIDADE BASICA,0000013447,ESF IV - WALDIR VIANA,eSF,Parintins,Baixo Amazonas,Outubro,Gestantes e pu�rperas,25,12,12,10,9,15,22,15,7,1,19,1348,31,43.48
5602041,UNIDADE BASICA DE SAUDE DA FAMILIA TIA LEO,CENTRO DE SAUDE/UNIDADE BASICA,0000013668,ESF I - ITAUNA I,eSF,Parintins,Baixo Amazonas,Outubro,Gestantes e pu�rperas,15,6,6,5,3,9,13,6,3,0,18,771,19,40.58
7768486,UNIDADE BASICA DE SAUDE DOM ARCANGELO CERQUA,CENTRO DE SAUDE/UNIDADE BASICA,0000013528,ESF VII,eSF,Parintins,Baixo Amazonas,Outubro,Gestantes e pu�rperas,11,5,6,7,3,8,6,4,5,2,9,605,12,50.42
6173616,UNIDADE BASICA DE SAUDE PASCOAL ALAGGIO,CENTRO DE SAUDE/UNIDADE BASICA,0002293315,ESF PASCOAL ALAGGIO,eSF,Parintins,Baixo Amazonas,Outubro,Gestantes e pu�rperas,0,0,0,0,0,0,0,0,0,0,0,0,0,0
5602041,UNIDADE BASICA DE SAUDE DA FAMILIA TIA LEO,CENTRO DE SAUDE/UNIDADE BASICA,0001646133,ESF MACURANY,eSF,Parintins,Baixo Amazonas,Outubro,Gestantes e pu�rperas,20,9,12,12,9,11,18,9,2,3,21,1154,23,50.17
9640347,UNIDADE BASICA DE SAUDE DO BAIRRO DA UNIAO,CENTRO DE SAUDE/UNIDADE BASICA,0001646176,ESF UNIAO,eSF,Parintins,Baixo Amazonas,Outubro,Gestantes e pu�rperas,31,18,24,24,27,23,20,20,6,6,30,2092,40,52.3
2016796,CENTRO DE SAUDE DR TODA,CENTRO DE SAUDE/UNIDADE BASICA,0000013382,ESF IX TODA,eSF,Parintins,Baixo Amazonas,Outubro,Gestantes e pu�rperas,16,8,11,11,12,9,16,1,5,2,7,898,17,52.82
2016877,CENTRO DE SAUDE IRMAO FRANCISCO GALIANNI,CENTRO DE SAUDE/UNIDADE BASICA,0000013560,ESF II - GALLIANE,eSF,Parintins,Baixo Amazonas,Outubro,Gestantes e pu�rperas,27,17,22,21,15,18,24,11,10,4,28,1800,31,58.06
7768478,UNIDADE BASICA DE SAUDE PAULO PEREIRA,CENTRO DE SAUDE/UNIDADE BASICA,0000013463,ESF XXI PAULO PEREIRA,eSF,Parintins,Baixo Amazonas,Outubro,Gestantes e pu�rperas,21,10,13,14,10,14,20,5,4,0,23,1227,26,47.19
2016877,CENTRO DE SAUDE IRMAO FRANCISCO GALIANNI,CENTRO DE SAUDE/UNIDADE BASICA,0000013552,ESF III - ITAUNA,eSF,Parintins,Baixo Amazonas,Outubro,Gestantes e pu�rperas,40,18,29,28,19,23,37,4,9,0,33,2200,51,43.14
2016826,UNIDADE BASICA DE SAUDE DARLINDA RIBEIRO,CENTRO DE SAUDE/UNIDADE BASICA,0000013498,ESF V DARLINDA,eSF,Parintins,Baixo Amazonas,Outubro,Gestantes e pu�rperas,16,9,8,9,7,13,13,4,1,1,15,880,18,48.89
2016818,CENTRO DE SAUDE WALDIR VIANA,CENTRO DE SAUDE/UNIDADE BASICA,0000013455,ESF XI - WALDIR VIANA,eSF,Parintins,Baixo Amazonas,Outubro,Gestantes e pu�rperas,8,2,3,3,2,3,5,1,3,1,4,323,10,32.3
5602041,UNIDADE BASICA DE SAUDE DA FAMILIA TIA LEO,CENTRO DE SAUDE/UNIDADE BASICA,0000013676,ESF XVIII - DJARD VIEIRA,eSF,Parintins,Baixo Amazonas,Outubro,Gestantes e pu�rperas,29,9,9,10,14,14,26,6,7,1,21,1343,31,43.32
2016796,CENTRO DE SAUDE DR TODA,CENTRO DE SAUDE/UNIDADE BASICA,0000013412,ESF X TODA,eSF,Parintins,Baixo Amazonas,Outubro,Gestantes e pu�rperas,9,4,7,7,6,8,8,6,8,3,8,675,14,48.21
3518876,UNIDADE BASICA DE SAUDE DA FAMILIA MAE PALMIRA,CENTRO DE SAUDE/UNIDADE BASICA,0000013633,ESF XV - ITAUNA II,eSF,Parintins,Baixo Amazonas,Outubro,Gestantes e pu�rperas,50,23,35,32,35,28,48,20,11,5,46,3047,52,58.6
3090825,CENTRO DE SAUDE PADRE FRANCISCO LUPINO,CENTRO DE SAUDE/UNIDADE BASICA,0000013579,ESF FCO LUPINO,eSF,Parintins,Baixo Amazonas,Outubro,Gestantes e pu�rperas,21,13,13,13,11,16,19,11,1,5,29,1389,32,43.41
7768486,UNIDADE BASICA DE SAUDE DOM ARCANGELO CERQUA,CENTRO DE SAUDE/UNIDADE BASICA,0000013536,ESF XIV,eSF,Parintins,Baixo Amazonas,Outubro,Gestantes e pu�rperas,24,8,13,13,15,17,12,2,4,2,20,1194,29,41.17
2016818,CENTRO DE SAUDE WALDIR VIANA,CENTRO DE SAUDE/UNIDADE BASICA,0000013439,ESF XIX WALDIR VIANA,eSF,Parintins,Baixo Amazonas,Outubro,Gestantes e pu�rperas,16,8,10,14,15,14,8,8,3,2,17,1051,26,40.42
2708825,UNIDADE BASICA DE SAUDE JOSE RESK MAKLOUF,CENTRO DE SAUDE/UNIDADE BASICA,0000009504,CENTRO,eSF,Itacoatiara,M�dio Amazonas,Outubro,Gestantes e pu�rperas,29,9,20,20,22,16,27,12,8,3,27,1766,32,55.19
6790801,UNIDADE BASICA DE SAUDE IPORA,CENTRO DE SAUDE/UNIDADE BASICA,0000009628,IPORA,eSF,Itacoatiara,M�dio Amazonas,Outubro,Gestantes e pu�rperas,13,6,12,11,7,6,9,4,3,3,11,778,14,55.57
2017342,UNIDADE BASICA DE SAUDE EUDOCIA DE OLIVEIRA DA SILVA,CENTRO DE SAUDE/UNIDADE BASICA,0000009407,POLO I,eSF,Itacoatiara,M�dio Amazonas,Outubro,Gestantes e pu�rperas,6,5,6,7,4,5,5,4,2,2,8,492,8,61.5
2017369,UNIDADE BASICA DE SAUDE FRANCISCO FERREIRA DE ATHAYDE,CENTRO DE SAUDE/UNIDADE BASICA,0001507214,VILA DE LINDOIA-ESTRADA AM 010,eSF,Itacoatiara,M�dio Amazonas,Outubro,Gestantes e pu�rperas,14,5,9,10,12,8,11,6,4,2,10,833,16,52.06
2017326,UNIDADE BASICA DE SAUDE PAULO GOMES DA SILVA,CENTRO DE SAUDE/UNIDADE BASICA,0000009350,SAO FRANCISCO,eSF,Itacoatiara,M�dio Amazonas,Outubro,Gestantes e pu�rperas,43,22,26,28,37,23,39,10,8,8,39,2590,48,53.96
2017342,UNIDADE BASICA DE SAUDE EUDOCIA DE OLIVEIRA DA SILVA,CENTRO DE SAUDE/UNIDADE BASICA,0000009393,VILA DE NOVO REMANSO,eSF,Itacoatiara,M�dio Amazonas,Outubro,Gestantes e pu�rperas,32,20,20,19,26,19,30,13,18,11,17,2057,33,62.33
2017342,UNIDADE BASICA DE SAUDE EUDOCIA DE OLIVEIRA DA SILVA,CENTRO DE SAUDE/UNIDADE BASICA,0001528998,NOVO REMANSO II,eSF,Itacoatiara,M�dio Amazonas,Outubro,Gestantes e pu�rperas,48,27,37,38,36,32,43,21,19,13,49,3315,57,58.16
6004660,UNIDADE BASICA DE SAUDE EXPEDITA HOLANDA DA SILVA,CENTRO DE SAUDE/UNIDADE BASICA,0001501623,VILA DO ENGENHO RIBEIRINHO,eSF,Itacoatiara,M�dio Amazonas,Outubro,Gestantes e pu�rperas,12,3,15,18,14,9,8,7,3,3,16,984,19,51.79
5606667,UNIDADE BASICA DE SAUDE BERNARDINO DESSIMONI,CENTRO DE SAUDE/UNIDADE BASICA,0000009571,MAMOUD AMED FILHO,eSF,Itacoatiara,M�dio Amazonas,Outubro,Gestantes e pu�rperas,60,42,47,48,52,39,58,29,26,10,65,4344,74,58.7
2708825,UNIDADE BASICA DE SAUDE JOSE RESK MAKLOUF,CENTRO DE SAUDE/UNIDADE BASICA,0000009490,SANTA LUZIA/CENTRO,eSF,Itacoatiara,M�dio Amazonas,Outubro,Gestantes e pu�rperas,26,10,15,16,15,12,25,5,6,2,23,1421,28,50.75
5606667,UNIDADE BASICA DE SAUDE BERNARDINO DESSIMONI,CENTRO DE SAUDE/UNIDADE BASICA,0000009555,EDUARDO BRAGA II/JARDIM FLORES,eSF,Itacoatiara,M�dio Amazonas,Outubro,Gestantes e pu�rperas,52,24,29,31,27,26,49,23,13,9,52,3067,55,55.76
2017350,UNIDADE BASICA DE SAUDE SANTO ANTONIO,CENTRO DE SAUDE/UNIDADE BASICA,0000009415,S. RAIMUNDO/PICARREIRA/A. COST,eSF,Itacoatiara,M�dio Amazonas,Outubro,Gestantes e pu�rperas,37,23,29,31,27,21,38,11,14,10,36,2530,44,57.5
2017350,UNIDADE BASICA DE SAUDE SANTO ANTONIO,CENTRO DE SAUDE/UNIDADE BASICA,0000009458,SANTO ANTONIO,eSF,Itacoatiara,M�dio Amazonas,Outubro,Gestantes e pu�rperas,38,19,28,30,23,23,37,15,9,3,42,2441,48,50.85
2708825,UNIDADE BASICA DE SAUDE JOSE RESK MAKLOUF,CENTRO DE SAUDE/UNIDADE BASICA,0000009474,IRACY II,eSF,Itacoatiara,M�dio Amazonas,Outubro,Gestantes e pu�rperas,17,9,14,15,10,7,17,7,5,3,18,1115,22,50.68
2013827,UNIDADE BASICA DE SAUDE NICOLAS EUTHEMES LEKAKIS NETO,CENTRO DE SAUDE/UNIDADE BASICA,0000009334,JAUARY I,eSF,Itacoatiara,M�dio Amazonas,Outubro,Gestantes e pu�rperas,42,22,30,29,34,27,40,18,16,5,41,2778,51,54.47
6004660,UNIDADE BASICA DE SAUDE EXPEDITA HOLANDA DA SILVA,CENTRO DE SAUDE/UNIDADE BASICA,0000009598,VILA DE ENGENHO,eSF,Itacoatiara,M�dio Amazonas,Outubro,Gestantes e pu�rperas,34,20,34,32,28,29,29,13,11,8,34,2482,40,62.05
2017326,UNIDADE BASICA DE SAUDE PAULO GOMES DA SILVA,CENTRO DE SAUDE/UNIDADE BASICA,0000009377,SAO CRISTOVAO,eSF,Itacoatiara,M�dio Amazonas,Outubro,Gestantes e pu�rperas,33,14,22,22,30,18,32,14,10,6,32,2130,43,49.53
2013827,UNIDADE BASICA DE SAUDE NICOLAS EUTHEMES LEKAKIS NETO,CENTRO DE SAUDE/UNIDADE BASICA,0000009318,SAO JORGE,eSF,Itacoatiara,M�dio Amazonas,Outubro,Gestantes e pu�rperas,44,17,25,26,38,25,42,14,18,14,49,2852,56,50.93
6804683,UNIDADE BASICA DE SAUDE VILA DO BATISTA,CENTRO DE SAUDE/UNIDADE BASICA,0000009636,RIO ARARI - II,eSF,Itacoatiara,M�dio Amazonas,Outubro,Gestantes e pu�rperas,44,16,31,47,40,26,41,16,11,9,50,3023,71,42.58
2017334,UNIDADE BASICA DE SAUDE MANOEL MENDES DA SILVA,CENTRO DE SAUDE/UNIDADE BASICA,0002417871,PORANGA III,eSF,Itacoatiara,M�dio Amazonas,Outubro,Gestantes e pu�rperas,26,10,15,17,19,10,22,9,8,6,21,1493,27,55.3
2017334,UNIDADE BASICA DE SAUDE MANOEL MENDES DA SILVA,CENTRO DE SAUDE/UNIDADE BASICA,0000009385,JACAREZINHO - PORANGA - NOVA,eSF,Itacoatiara,M�dio Amazonas,Outubro,Gestantes e pu�rperas,28,13,15,15,22,15,25,9,7,2,23,1594,30,53.13
2017334,UNIDADE BASICA DE SAUDE MANOEL MENDES DA SILVA,CENTRO DE SAUDE/UNIDADE BASICA,0001467158,COLONIA - PEDREIRAS,eSF,Itacoatiara,M�dio Amazonas,Outubro,Gestantes e pu�rperas,30,17,25,25,21,23,31,18,12,7,39,2262,44,51.41
2017350,UNIDADE BASICA DE SAUDE SANTO ANTONIO,CENTRO DE SAUDE/UNIDADE BASICA,0000009423,TIRADENTES,eSF,Itacoatiara,M�dio Amazonas,Outubro,Gestantes e pu�rperas,38,18,24,25,27,24,34,14,10,6,30,2288,41,55.8
4311450,UNIDADE BASICA DE SAUDE OLGA MENEZES DE FREITAS,CENTRO DE SAUDE/UNIDADE BASICA,0002385686,SAO PEDRO DO IRACEMA,eSF,Itacoatiara,M�dio Amazonas,Outubro,Gestantes e pu�rperas,21,13,18,20,18,13,18,10,8,8,21,1533,22,69.68
2013827,UNIDADE BASICA DE SAUDE NICOLAS EUTHEMES LEKAKIS NETO,CENTRO DE SAUDE/UNIDADE BASICA,0000009326,JAUARY II,eSF,Itacoatiara,M�dio Amazonas,Outubro,Gestantes e pu�rperas,34,17,20,21,26,15,32,16,15,8,19,2041,38,53.71
6790771,UNIDADE BASICA DE SAUDE MANOEL ELOI RONDON,CENTRO DE SAUDE/UNIDADE BASICA,0000009601,POLO VI PSF,eSF,Itacoatiara,M�dio Amazonas,Outubro,Gestantes e pu�rperas,50,27,40,42,40,34,47,24,21,10,50,3515,57,61.67
5606667,UNIDADE BASICA DE SAUDE BERNARDINO DESSIMONI,CENTRO DE SAUDE/UNIDADE BASICA,0000009563,EDUARDO BRAGA I E JARDIM FLORE,eSF,Itacoatiara,M�dio Amazonas,Outubro,Gestantes e pu�rperas,55,21,33,36,38,31,53,17,24,14,49,3394,67,50.66
2017326,UNIDADE BASICA DE SAUDE PAULO GOMES DA SILVA,CENTRO DE SAUDE/UNIDADE BASICA,0000009342,NOGUEIRA JUNIOR/JARDIM AMANDA,eSF,Itacoatiara,M�dio Amazonas,Outubro,Gestantes e pu�rperas,44,17,27,29,36,23,38,21,12,5,41,2681,52,51.56
2017369,UNIDADE BASICA DE SAUDE FRANCISCO FERREIRA DE ATHAYDE,CENTRO DE SAUDE/UNIDADE BASICA,0000009466,RAMAIS - VILA DE LINDOIA,eSF,Itacoatiara,M�dio Amazonas,Outubro,Gestantes e pu�rperas,22,8,16,17,15,15,21,10,6,4,18,1390,25,55.6
7497822,UNIDADE BASICA DE SAUDE NERCILIO DE SOUZA LIMA,CENTRO DE SAUDE/UNIDADE BASICA,0000009717,PSF III - DR. LIMA,eSF,Itapiranga,M�dio Amazonas,Outubro,Gestantes e pu�rperas,42,21,33,37,30,21,10,17,13,7,46,2535,51,49.71
9933301,UNIDADE BASICA DE SAUDE FLUVIAL JOAO NELIO COELHO DE LIMA,UNIDADE MOVEL FLUVIAL,0000009709,JOAO NELIO,eSF,Itapiranga,M�dio Amazonas,Outubro,Gestantes e pu�rperas,11,8,12,14,7,12,7,4,2,1,11,812,15,54.13
5477018,UNIDADE BASICA DE SAUDE EVANILDE SOUZA DA COSTA,CENTRO DE SAUDE/UNIDADE BASICA,0000009725,PSF II - IVANILDE COSTA,eSF,Itapiranga,M�dio Amazonas,Outubro,Gestantes e pu�rperas,43,15,27,29,33,26,7,9,9,8,40,2257,51,44.25
5476755,UNIDADE BASICA DE SAUDE JOSE SMITH,CENTRO DE SAUDE/UNIDADE BASICA,0000009687,PSF I - JOSE SMITH,eSF,Itapiranga,M�dio Amazonas,Outubro,Gestantes e pu�rperas,23,8,21,24,16,17,9,9,5,3,22,1436,28,51.29
3037150,UNIDADE BASICA DE SAUDE ALTAIR FERNANDES,CENTRO DE SAUDE/UNIDADE BASICA,0000014400,PSF - II,eSF,S�o Sebasti�o do Uatum�,M�dio Amazonas,Outubro,Gestantes e pu�rperas,36,16,28,29,27,22,34,18,13,9,36,2448,36,68
3037169,UNIDADE BASICA DE SAUDE MARIA DE LOURDES MARTINS DE ALMEIDA,CENTRO DE SAUDE/UNIDADE BASICA,0000014419,PSF - I,eSF,S�o Sebasti�o do Uatum�,M�dio Amazonas,Outubro,Gestantes e pu�rperas,26,13,20,21,25,19,26,13,11,4,26,1862,31,60.06
7482396,UNIDADE BASICA DE SAUDE DALILA MONTEIRO,CENTRO DE SAUDE/UNIDADE BASICA,0002193809,PSF - VI,eSF,S�o Sebasti�o do Uatum�,M�dio Amazonas,Outubro,Gestantes e pu�rperas,2,2,2,2,1,2,2,1,1,0,2,155,2,77.5
7482396,UNIDADE BASICA DE SAUDE DALILA MONTEIRO,CENTRO DE SAUDE/UNIDADE BASICA,0001522116,PSF - V,eSF,S�o Sebasti�o do Uatum�,M�dio Amazonas,Outubro,Gestantes e pu�rperas,33,15,23,25,23,21,31,16,8,7,32,2139,38,56.29
2018594,UBS ZOLIMA GARCIA,CENTRO DE SAUDE/UNIDADE BASICA,0000014443,ESF I - CIDADE DE SILVES,eSF,Silves,M�dio Amazonas,Outubro,Gestantes e pu�rperas,30,11,25,23,26,15,11,13,9,7,27,1803,32,56.34
4842170,UBS PRIMEIRA DAMA MARIA DO SOCORRO GRANA,CENTRO DE SAUDE/UNIDADE BASICA,0002484579,ESF V - CIDADE DE SILVES,eSF,Silves,M�dio Amazonas,Outubro,Gestantes e pu�rperas,16,6,14,12,11,9,6,5,2,3,17,925,22,42.05
7910541,UBS GUIOMAR DE OLIVEIRA LIRA,CENTRO DE SAUDE/UNIDADE BASICA,0000014451,ESF IV -SILVES/LAGO SARACA,eSF,Silves,M�dio Amazonas,Outubro,Gestantes e pu�rperas,39,12,28,31,28,20,23,9,12,16,32,2289,50,45.78
3420094,UNIDADE BASICA DE SAUDE ANA COSTA DE MACEDO,CENTRO DE SAUDE/UNIDADE BASICA,0000015059,PSF - V,eSF,Urucar�,M�dio Amazonas,Outubro,Gestantes e pu�rperas,11,3,10,9,9,8,3,4,5,1,9,659,15,43.93
4004868,CENTRO DE SAUDE JUDITE TORRES DA CUNHA,CENTRO DE SAUDE/UNIDADE BASICA,0000015105,PSF - III,eSF,Urucar�,M�dio Amazonas,Outubro,Gestantes e pu�rperas,22,12,16,15,22,15,11,3,6,6,16,1318,28,47.07
4004868,CENTRO DE SAUDE JUDITE TORRES DA CUNHA,CENTRO DE SAUDE/UNIDADE BASICA,0000015091,PSF - IV,eSF,Urucar�,M�dio Amazonas,Outubro,Gestantes e pu�rperas,20,10,23,21,20,14,13,6,8,7,22,1496,31,48.26
9117938,UNIDADE BASICA DE SAUDE DR JOAO PEREIRA DE LIMA,CENTRO DE SAUDE/UNIDADE BASICA,0000015083,PSF - II,eSF,Urucar�,M�dio Amazonas,Outubro,Gestantes e pu�rperas,26,13,21,20,25,22,12,16,9,7,29,1826,36,50.72
3453944,UNIDADE BASICA DE SAUDE MUNDINHA MENDONCA,CENTRO DE SAUDE/UNIDADE BASICA,0000015075,PSF - I,eSF,Urucar�,M�dio Amazonas,Outubro,Gestantes e pu�rperas,34,15,28,28,30,28,28,15,11,10,36,2401,47,51.09
5060818,UNIDADE BASICA DE SAUDE OSVALDO DA SILVA DE OLIVEIRA,CENTRO DE SAUDE/UNIDADE BASICA,0000015067,ESF - VII,eSF,Urucar�,M�dio Amazonas,Outubro,Gestantes e pu�rperas,5,2,3,2,5,4,3,1,1,3,10,356,11,32.36
5060818,UNIDADE BASICA DE SAUDE OSVALDO DA SILVA DE OLIVEIRA,CENTRO DE SAUDE/UNIDADE BASICA,0000015113,PSF - VI,eSF,Urucar�,M�dio Amazonas,Outubro,Gestantes e pu�rperas,18,4,10,9,10,12,9,3,2,2,20,909,21,43.29
9622934,UBS EDNA MATOS PARA,CENTRO DE SAUDE/UNIDADE BASICA,0000015148,EQUIPE PSF URBANA II,eSF,Urucurituba,M�dio Amazonas,Outubro,Gestantes e pu�rperas,30,17,19,20,21,15,28,17,4,9,30,1920,35,54.86
3005364,UBS DOMINGAS ROLIM MOURAO,CENTRO DE SAUDE/UNIDADE BASICA,0001687859,EQUIPE PSF URBANA V,eSF,Urucurituba,M�dio Amazonas,Outubro,Gestantes e pu�rperas,10,3,6,5,8,6,7,4,2,2,9,568,10,56.8
7057202,UBS GERSON KETTLE,CENTRO DE SAUDE/UNIDADE BASICA,0001704036,ESF URBANA VI,eSF,Urucurituba,M�dio Amazonas,Outubro,Gestantes e pu�rperas,23,10,10,11,22,15,19,12,6,3,24,1418,28,50.64
7057202,UBS GERSON KETTLE,CENTRO DE SAUDE/UNIDADE BASICA,0000015180,EQUIPE PSF URBANA III,eSF,Urucurituba,M�dio Amazonas,Outubro,Gestantes e pu�rperas,20,11,13,11,18,11,20,10,4,4,18,1280,22,58.18
9622934,UBS EDNA MATOS PARA,CENTRO DE SAUDE/UNIDADE BASICA,0001670050,EQUIPE PSF URBANA IV,eSF,Urucurituba,M�dio Amazonas,Outubro,Gestantes e pu�rperas,16,5,6,6,10,5,14,6,4,3,16,835,20,41.75
287539,UBS DR DAVID CARDENAS BENAVENTE,CENTRO DE SAUDE/UNIDADE BASICA,0000015164,EQUIPE PSF RURAL II,eSF,Urucurituba,M�dio Amazonas,Outubro,Gestantes e pu�rperas,27,5,21,20,20,11,26,8,7,3,27,1602,29,55.24
3005364,UBS DOMINGAS ROLIM MOURAO,CENTRO DE SAUDE/UNIDADE BASICA,0000015121,EQUIPE PSF URBANA I,eSF,Urucurituba,M�dio Amazonas,Outubro,Gestantes e pu�rperas,7,4,8,8,9,11,7,5,3,2,14,709,14,50.64
9991018,UNIDADE BASICA DE SAUDE MARIA DA CONCEICAO TRINDADE,CENTRO DE SAUDE/UNIDADE BASICA,0001696327,EQUIPE CONCEICAO,eSF,Barreirinha,Baixo Amazonas,Novembro,Gestantes e pu�rperas,24,11,15,17,28,19,20,13,10,7,28,1752,38,46.11
2708108,CENTRO DE SAUDE GIOVANNA GALLI,CENTRO DE SAUDE/UNIDADE BASICA,0000007382,SAUDE DA FAMILIA,eSF,Barreirinha,Baixo Amazonas,Novembro,Gestantes e pu�rperas,26,13,26,28,30,26,26,21,8,4,34,2204,39,56.51
9453679,UNIDADE BASICA DE SAUDE IRENE BABA DA COSTA,CENTRO DE SAUDE/UNIDADE BASICA,0001676970,NOVA CONQUISTA,eSF,Barreirinha,Baixo Amazonas,Novembro,Gestantes e pu�rperas,15,8,16,16,21,21,11,10,6,6,24,1401,28,50.04
2708108,CENTRO DE SAUDE GIOVANNA GALLI,CENTRO DE SAUDE/UNIDADE BASICA,0000007366,SAUDE BAE,eSF,Barreirinha,Baixo Amazonas,Novembro,Gestantes e pu�rperas,26,12,27,26,28,26,19,18,9,8,28,2069,39,53.05
2016362,UBS HERMINIA MARIA SIMOES,CENTRO DE SAUDE/UNIDADE BASICA,0000007587,ESF CENTRO,eSF,Boa Vista do Ramos,Baixo Amazonas,Novembro,Gestantes e pu�rperas,33,12,27,26,27,25,29,10,9,7,33,2175,40,54.38
270431,UBS MARIA DO SOCORRO OLIVEIRA MATOS,CENTRO DE SAUDE/UNIDADE BASICA,0002275554,ESF MONTE SIAO,eSF,Boa Vista do Ramos,Baixo Amazonas,Novembro,Gestantes e pu�rperas,33,15,26,26,22,21,27,8,11,6,32,2076,40,51.9
4143493,UBS RAIMUNDO ROLIM DA CRUZ,CENTRO DE SAUDE/UNIDADE BASICA,0000007609,ESF ESPERANCA,eSF,Boa Vista do Ramos,Baixo Amazonas,Novembro,Gestantes e pu�rperas,36,21,39,38,31,26,29,15,7,10,38,2646,47,56.3
2019485,CENTRO DE SAUDE CECILIA DE OLIVEIRA SOUZA,CENTRO DE SAUDE/UNIDADE BASICA,0002392895,EAP CECILIA DE OLIVEIRA 02,eAP,Mau�s,Baixo Amazonas,Novembro,Gestantes e pu�rperas,0,0,0,0,0,0,0,0,0,0,0,0,0,0
7249624,CENTRO DE SAUDE SANTA TERESA,CENTRO DE SAUDE/UNIDADE BASICA,0002417480,ESF003 SANTA TERESA,eSF,Mau�s,Baixo Amazonas,Novembro,Gestantes e pu�rperas,16,10,11,13,14,14,12,4,12,4,21,1195,21,56.9
2019485,CENTRO DE SAUDE CECILIA DE OLIVEIRA SOUZA,CENTRO DE SAUDE/UNIDADE BASICA,0002414171,ESF002 CECILIA DE OLIVEIRA,eSF,Mau�s,Baixo Amazonas,Novembro,Gestantes e pu�rperas,9,3,6,6,8,7,7,0,3,2,7,531,10,53.1
2019485,CENTRO DE SAUDE CECILIA DE OLIVEIRA SOUZA,CENTRO DE SAUDE/UNIDADE BASICA,0002392887,EAP CECILIA DE OLIVEIRA 01,eAP,Mau�s,Baixo Amazonas,Novembro,Gestantes e pu�rperas,0,0,0,0,0,0,0,0,0,0,0,0,0,0
2019477,CENTRO DE SAUDE JORGE DE ALMEIDA BRITO,CENTRO DE SAUDE/UNIDADE BASICA,0002399458,ESF003 JORGE BRITO,eSF,Mau�s,Baixo Amazonas,Novembro,Gestantes e pu�rperas,18,8,11,11,12,10,9,6,5,3,15,990,23,43.04
2019515,CENTRO DE SAUDE FRANCISCO SERGIO DE OLIVEIRA LEITE,CENTRO DE SAUDE/UNIDADE BASICA,0002414120,ESF003 FSOL,eSF,Mau�s,Baixo Amazonas,Novembro,Gestantes e pu�rperas,18,9,15,15,15,15,12,7,5,4,22,1251,26,48.12
2019493,CENTRO DE SAUDE ARACY MAFRA MONTEIRO,CENTRO DE SAUDE/UNIDADE BASICA,0001684140,ESF002 - ARACY MAFRA,eSF,Mau�s,Baixo Amazonas,Novembro,Gestantes e pu�rperas,12,5,13,13,11,11,8,1,3,3,15,867,16,54.19
2019477,CENTRO DE SAUDE JORGE DE ALMEIDA BRITO,CENTRO DE SAUDE/UNIDADE BASICA,0002399423,ESF002 JORGE BRITO,eSF,Mau�s,Baixo Amazonas,Novembro,Gestantes e pu�rperas,19,14,19,17,21,12,17,6,8,6,14,1396,30,46.53
2019485,CENTRO DE SAUDE CECILIA DE OLIVEIRA SOUZA,CENTRO DE SAUDE/UNIDADE BASICA,0002414198,ESF003 CECILIA DE OLIVEIRA,eSF,Mau�s,Baixo Amazonas,Novembro,Gestantes e pu�rperas,15,8,9,9,11,10,11,7,5,4,10,906,17,53.29
2019515,CENTRO DE SAUDE FRANCISCO SERGIO DE OLIVEIRA LEITE,CENTRO DE SAUDE/UNIDADE BASICA,0002414155,ESF004 FSOL,eSF,Mau�s,Baixo Amazonas,Novembro,Gestantes e pu�rperas,22,9,15,15,15,11,13,8,2,4,21,1237,26,47.58
2019507,CENTRO DE SAUDE IRMA VERONICA KUMAGAI,CENTRO DE SAUDE/UNIDADE BASICA,0002417901,ESF002 IRMA VERONICA,eSF,Mau�s,Baixo Amazonas,Novembro,Gestantes e pu�rperas,18,6,10,11,6,8,13,2,7,3,18,936,26,36
2019507,CENTRO DE SAUDE IRMA VERONICA KUMAGAI,CENTRO DE SAUDE/UNIDADE BASICA,0000012971,ESF001 IRMA VERONICA,eSF,Mau�s,Baixo Amazonas,Novembro,Gestantes e pu�rperas,21,8,12,13,14,9,15,0,7,5,18,1119,25,44.76
7249624,CENTRO DE SAUDE SANTA TERESA,CENTRO DE SAUDE/UNIDADE BASICA,0001634119,ESF002 SANTA TERESA,eSF,Mau�s,Baixo Amazonas,Novembro,Gestantes e pu�rperas,18,8,13,15,22,8,14,2,8,3,18,1179,24,49.13
2019515,CENTRO DE SAUDE FRANCISCO SERGIO DE OLIVEIRA LEITE,CENTRO DE SAUDE/UNIDADE BASICA,0000013005,ESF001 FSOL,eSF,Mau�s,Baixo Amazonas,Novembro,Gestantes e pu�rperas,17,9,14,13,15,11,13,7,4,4,16,1124,20,56.2
2019515,CENTRO DE SAUDE FRANCISCO SERGIO DE OLIVEIRA LEITE,CENTRO DE SAUDE/UNIDADE BASICA,0002392909,EAP FSOL 01,eAP,Mau�s,Baixo Amazonas,Novembro,Gestantes e pu�rperas,0,0,0,0,0,0,0,0,0,0,0,0,0,0
2019477,CENTRO DE SAUDE JORGE DE ALMEIDA BRITO,CENTRO DE SAUDE/UNIDADE BASICA,0000012874,ESF001 JORGE BRITO,eSF,Mau�s,Baixo Amazonas,Novembro,Gestantes e pu�rperas,21,9,14,14,16,10,14,4,9,5,14,1191,27,44.11
7249624,CENTRO DE SAUDE SANTA TERESA,CENTRO DE SAUDE/UNIDADE BASICA,0000012912,ESF001 SANTA TERESA,eSF,Mau�s,Baixo Amazonas,Novembro,Gestantes e pu�rperas,18,14,16,18,19,13,10,1,10,6,15,1278,26,49.15
2019485,CENTRO DE SAUDE CECILIA DE OLIVEIRA SOUZA,CENTRO DE SAUDE/UNIDADE BASICA,0001623230,ESFR CECILIA DE OLIVEIRA 02,eSF,Mau�s,Baixo Amazonas,Novembro,Gestantes e pu�rperas,16,8,13,11,17,16,13,9,4,3,23,1213,24,50.54
2019485,CENTRO DE SAUDE CECILIA DE OLIVEIRA SOUZA,CENTRO DE SAUDE/UNIDADE BASICA,0000012904,ESF001 CECILIA DE OLIVEIRA,eSF,Mau�s,Baixo Amazonas,Novembro,Gestantes e pu�rperas,9,7,9,10,7,6,5,4,9,3,8,702,12,58.5
2019515,CENTRO DE SAUDE FRANCISCO SERGIO DE OLIVEIRA LEITE,CENTRO DE SAUDE/UNIDADE BASICA,0001623222,ESF002 FSOL,eSF,Mau�s,Baixo Amazonas,Novembro,Gestantes e pu�rperas,9,2,6,8,7,5,7,0,2,2,8,513,11,46.64
2019515,CENTRO DE SAUDE FRANCISCO SERGIO DE OLIVEIRA LEITE,CENTRO DE SAUDE/UNIDADE BASICA,0002392917,EAP FSOL 02,eAP,Mau�s,Baixo Amazonas,Novembro,Gestantes e pu�rperas,0,0,0,0,0,0,0,0,0,0,0,0,0,0
2019493,CENTRO DE SAUDE ARACY MAFRA MONTEIRO,CENTRO DE SAUDE/UNIDADE BASICA,0000012939,ESF001 - ARACY MAFRA,eSF,Mau�s,Baixo Amazonas,Novembro,Gestantes e pu�rperas,9,5,8,8,6,5,6,3,5,5,10,639,10,63.9
2016508,UNIDADE BASICA DE SAUDE DONA BELEM,CENTRO DE SAUDE/UNIDADE BASICA,0000013048,ESF NOSSA SENHORA ASSUNCAO,eSF,Nhamund�,Baixo Amazonas,Novembro,Gestantes e pu�rperas,24,11,13,17,19,16,2,2,8,5,22,1275,31,41.13
2016532,UNIDADE BASICA DE SAUDE JOSE EVANGELISTA,CENTRO DE SAUDE/UNIDADE BASICA,0001687034,ESF BAIRRO SANTO ANTONIO,eSF,Nhamund�,Baixo Amazonas,Novembro,Gestantes e pu�rperas,16,10,11,11,13,10,0,2,2,2,15,844,21,40.19
2016532,UNIDADE BASICA DE SAUDE JOSE EVANGELISTA,CENTRO DE SAUDE/UNIDADE BASICA,0000013056,ESF GILBERTO MESTRINHO,eSF,Nhamund�,Baixo Amazonas,Novembro,Gestantes e pu�rperas,12,12,14,13,12,13,3,9,9,5,19,1101,19,57.95
3090825,CENTRO DE SAUDE PADRE FRANCISCO LUPINO,CENTRO DE SAUDE/UNIDADE BASICA,0002301628,ESF VILA AMAZONIA,eSF,Parintins,Baixo Amazonas,Novembro,Gestantes e pu�rperas,26,10,13,13,13,12,23,8,7,5,29,1457,36,40.47
9640347,UNIDADE BASICA DE SAUDE DO BAIRRO DA UNIAO,CENTRO DE SAUDE/UNIDADE BASICA,0001646141,ESF UNIAO I,eSF,Parintins,Baixo Amazonas,Novembro,Gestantes e pu�rperas,36,15,24,24,25,19,26,7,10,6,28,2016,37,54.49
9640347,UNIDADE BASICA DE SAUDE DO BAIRRO DA UNIAO,CENTRO DE SAUDE/UNIDADE BASICA,0001646184,ESF UNIAO II,eSF,Parintins,Baixo Amazonas,Novembro,Gestantes e pu�rperas,20,3,12,11,12,10,15,8,8,4,22,1145,29,39.48
7768478,UNIDADE BASICA DE SAUDE PAULO PEREIRA,CENTRO DE SAUDE/UNIDADE BASICA,0000013471,ESF XVII PAULO PEREIRA,eSF,Parintins,Baixo Amazonas,Novembro,Gestantes e pu�rperas,28,13,15,17,18,17,26,10,8,5,23,1648,32,51.5
6366538,UNIDADE BASICA DE SAUDE DA FAMILIA ALDRIN VERCOSA,CENTRO DE SAUDE/UNIDADE BASICA,0000013692,ESF XVI - ITAUNA II,eSF,Parintins,Baixo Amazonas,Novembro,Gestantes e pu�rperas,14,7,12,11,11,12,11,8,0,2,9,887,16,55.44
2016796,CENTRO DE SAUDE DR TODA,CENTRO DE SAUDE/UNIDADE BASICA,0000013374,ESF VI TODA,eSF,Parintins,Baixo Amazonas,Novembro,Gestantes e pu�rperas,8,3,6,6,7,5,7,2,2,1,11,530,14,37.86
6366538,UNIDADE BASICA DE SAUDE DA FAMILIA ALDRIN VERCOSA,CENTRO DE SAUDE/UNIDADE BASICA,0000013684,ESF XX ITAUNA II,eSF,Parintins,Baixo Amazonas,Novembro,Gestantes e pu�rperas,30,13,21,20,21,20,24,14,4,5,28,1830,38,48.16
3518876,UNIDADE BASICA DE SAUDE DA FAMILIA MAE PALMIRA,CENTRO DE SAUDE/UNIDADE BASICA,0000013641,ESF XIII - PAULO CORREA,eSF,Parintins,Baixo Amazonas,Novembro,Gestantes e pu�rperas,48,16,24,22,32,21,41,8,7,7,43,2469,60,41.15
2016826,UNIDADE BASICA DE SAUDE DARLINDA RIBEIRO,CENTRO DE SAUDE/UNIDADE BASICA,0000013501,ESF VIII DARLINDA,eSF,Parintins,Baixo Amazonas,Novembro,Gestantes e pu�rperas,20,9,7,8,8,11,20,9,2,1,24,1091,25,43.64
2016818,CENTRO DE SAUDE WALDIR VIANA,CENTRO DE SAUDE/UNIDADE BASICA,0000013447,ESF IV - WALDIR VIANA,eSF,Parintins,Baixo Amazonas,Novembro,Gestantes e pu�rperas,27,14,15,13,11,20,23,17,10,2,22,1593,34,46.85
5602041,UNIDADE BASICA DE SAUDE DA FAMILIA TIA LEO,CENTRO DE SAUDE/UNIDADE BASICA,0000013668,ESF I - ITAUNA I,eSF,Parintins,Baixo Amazonas,Novembro,Gestantes e pu�rperas,16,4,7,7,3,9,13,4,4,0,21,808,21,38.48
7768486,UNIDADE BASICA DE SAUDE DOM ARCANGELO CERQUA,CENTRO DE SAUDE/UNIDADE BASICA,0000013528,ESF VII,eSF,Parintins,Baixo Amazonas,Novembro,Gestantes e pu�rperas,11,5,6,6,4,7,7,4,5,2,8,596,12,49.67
6173616,UNIDADE BASICA DE SAUDE PASCOAL ALAGGIO,CENTRO DE SAUDE/UNIDADE BASICA,0002293315,ESF PASCOAL ALAGGIO,eSF,Parintins,Baixo Amazonas,Novembro,Gestantes e pu�rperas,0,0,0,0,0,0,0,0,0,0,0,0,0,0
5602041,UNIDADE BASICA DE SAUDE DA FAMILIA TIA LEO,CENTRO DE SAUDE/UNIDADE BASICA,0001646133,ESF MACURANY,eSF,Parintins,Baixo Amazonas,Novembro,Gestantes e pu�rperas,24,12,15,15,14,13,20,10,5,4,24,1428,29,49.24
9640347,UNIDADE BASICA DE SAUDE DO BAIRRO DA UNIAO,CENTRO DE SAUDE/UNIDADE BASICA,0001646176,ESF UNIAO,eSF,Parintins,Baixo Amazonas,Novembro,Gestantes e pu�rperas,34,21,27,27,25,26,22,21,7,7,31,2266,46,49.26
2016796,CENTRO DE SAUDE DR TODA,CENTRO DE SAUDE/UNIDADE BASICA,0000013382,ESF IX TODA,eSF,Parintins,Baixo Amazonas,Novembro,Gestantes e pu�rperas,18,8,10,10,13,8,17,1,8,4,6,945,18,52.5
2016877,CENTRO DE SAUDE IRMAO FRANCISCO GALIANNI,CENTRO DE SAUDE/UNIDADE BASICA,0000013560,ESF II - GALLIANE,eSF,Parintins,Baixo Amazonas,Novembro,Gestantes e pu�rperas,24,16,19,20,13,17,21,8,10,3,24,1599,27,59.22
7768478,UNIDADE BASICA DE SAUDE PAULO PEREIRA,CENTRO DE SAUDE/UNIDADE BASICA,0000013463,ESF XXI PAULO PEREIRA,eSF,Parintins,Baixo Amazonas,Novembro,Gestantes e pu�rperas,21,10,12,13,9,15,20,5,5,0,24,1227,26,47.19
2016877,CENTRO DE SAUDE IRMAO FRANCISCO GALIANNI,CENTRO DE SAUDE/UNIDADE BASICA,0000013552,ESF III - ITAUNA,eSF,Parintins,Baixo Amazonas,Novembro,Gestantes e pu�rperas,42,18,31,31,20,29,39,5,11,1,36,2409,51,47.24
2016826,UNIDADE BASICA DE SAUDE DARLINDA RIBEIRO,CENTRO DE SAUDE/UNIDADE BASICA,0000013498,ESF V DARLINDA,eSF,Parintins,Baixo Amazonas,Novembro,Gestantes e pu�rperas,14,6,6,6,4,9,9,4,1,1,12,662,16,41.38
2016818,CENTRO DE SAUDE WALDIR VIANA,CENTRO DE SAUDE/UNIDADE BASICA,0000013455,ESF XI - WALDIR VIANA,eSF,Parintins,Baixo Amazonas,Novembro,Gestantes e pu�rperas,7,3,4,4,3,4,4,1,3,1,4,349,9,38.78
5602041,UNIDADE BASICA DE SAUDE DA FAMILIA TIA LEO,CENTRO DE SAUDE/UNIDADE BASICA,0000013676,ESF XVIII - DJARD VIEIRA,eSF,Parintins,Baixo Amazonas,Novembro,Gestantes e pu�rperas,35,10,10,10,16,15,30,9,8,5,23,1574,38,41.42
2016796,CENTRO DE SAUDE DR TODA,CENTRO DE SAUDE/UNIDADE BASICA,0000013412,ESF X TODA,eSF,Parintins,Baixo Amazonas,Novembro,Gestantes e pu�rperas,9,4,6,6,6,8,8,5,8,4,7,648,13,49.85
3518876,UNIDADE BASICA DE SAUDE DA FAMILIA MAE PALMIRA,CENTRO DE SAUDE/UNIDADE BASICA,0000013633,ESF XV - ITAUNA II,eSF,Parintins,Baixo Amazonas,Novembro,Gestantes e pu�rperas,50,22,31,27,32,25,51,19,18,3,49,2993,54,55.43
3090825,CENTRO DE SAUDE PADRE FRANCISCO LUPINO,CENTRO DE SAUDE/UNIDADE BASICA,0000013579,ESF FCO LUPINO,eSF,Parintins,Baixo Amazonas,Novembro,Gestantes e pu�rperas,23,9,14,14,11,14,20,7,5,2,25,1319,30,43.97
7768486,UNIDADE BASICA DE SAUDE DOM ARCANGELO CERQUA,CENTRO DE SAUDE/UNIDADE BASICA,0000013536,ESF XIV,eSF,Parintins,Baixo Amazonas,Novembro,Gestantes e pu�rperas,20,5,11,12,13,13,8,3,3,1,14,947,24,39.46
2016818,CENTRO DE SAUDE WALDIR VIANA,CENTRO DE SAUDE/UNIDADE BASICA,0000013439,ESF XIX WALDIR VIANA,eSF,Parintins,Baixo Amazonas,Novembro,Gestantes e pu�rperas,19,9,11,13,16,17,9,10,4,3,18,1180,27,43.7
2708825,UNIDADE BASICA DE SAUDE JOSE RESK MAKLOUF,CENTRO DE SAUDE/UNIDADE BASICA,0000009504,CENTRO,eSF,Itacoatiara,M�dio Amazonas,Novembro,Gestantes e pu�rperas,27,10,20,20,19,14,26,9,6,6,27,1683,32,52.59
6790801,UNIDADE BASICA DE SAUDE IPORA,CENTRO DE SAUDE/UNIDADE BASICA,0000009628,IPORA,eSF,Itacoatiara,M�dio Amazonas,Novembro,Gestantes e pu�rperas,10,4,11,9,8,4,7,3,3,2,8,631,11,57.36
2017342,UNIDADE BASICA DE SAUDE EUDOCIA DE OLIVEIRA DA SILVA,CENTRO DE SAUDE/UNIDADE BASICA,0000009407,POLO I,eSF,Itacoatiara,M�dio Amazonas,Novembro,Gestantes e pu�rperas,5,4,5,6,6,4,4,4,1,2,7,437,7,62.43
2017369,UNIDADE BASICA DE SAUDE FRANCISCO FERREIRA DE ATHAYDE,CENTRO DE SAUDE/UNIDADE BASICA,0001507214,VILA DE LINDOIA-ESTRADA AM 010,eSF,Itacoatiara,M�dio Amazonas,Novembro,Gestantes e pu�rperas,14,5,11,11,12,8,11,5,6,3,8,860,16,53.75
2017326,UNIDADE BASICA DE SAUDE PAULO GOMES DA SILVA,CENTRO DE SAUDE/UNIDADE BASICA,0000009350,SAO FRANCISCO,eSF,Itacoatiara,M�dio Amazonas,Novembro,Gestantes e pu�rperas,42,24,27,27,40,26,39,12,11,9,39,2706,48,56.38
2017342,UNIDADE BASICA DE SAUDE EUDOCIA DE OLIVEIRA DA SILVA,CENTRO DE SAUDE/UNIDADE BASICA,0000009393,VILA DE NOVO REMANSO,eSF,Itacoatiara,M�dio Amazonas,Novembro,Gestantes e pu�rperas,28,17,17,16,22,18,25,10,16,10,14,1765,29,60.86
2017342,UNIDADE BASICA DE SAUDE EUDOCIA DE OLIVEIRA DA SILVA,CENTRO DE SAUDE/UNIDADE BASICA,0001528998,NOVO REMANSO II,eSF,Itacoatiara,M�dio Amazonas,Novembro,Gestantes e pu�rperas,44,24,33,33,30,29,38,17,15,12,45,2924,52,56.23
6004660,UNIDADE BASICA DE SAUDE EXPEDITA HOLANDA DA SILVA,CENTRO DE SAUDE/UNIDADE BASICA,0001501623,VILA DO ENGENHO RIBEIRINHO,eSF,Itacoatiara,M�dio Amazonas,Novembro,Gestantes e pu�rperas,14,2,18,18,15,12,8,8,2,4,17,1076,23,46.78
5606667,UNIDADE BASICA DE SAUDE BERNARDINO DESSIMONI,CENTRO DE SAUDE/UNIDADE BASICA,0000009571,MAMOUD AMED FILHO,eSF,Itacoatiara,M�dio Amazonas,Novembro,Gestantes e pu�rperas,62,35,41,44,48,34,60,27,22,9,61,4049,72,56.24
2708825,UNIDADE BASICA DE SAUDE JOSE RESK MAKLOUF,CENTRO DE SAUDE/UNIDADE BASICA,0000009490,SANTA LUZIA/CENTRO,eSF,Itacoatiara,M�dio Amazonas,Novembro,Gestantes e pu�rperas,26,11,16,18,19,14,25,5,11,6,21,1574,29,54.28
5606667,UNIDADE BASICA DE SAUDE BERNARDINO DESSIMONI,CENTRO DE SAUDE/UNIDADE BASICA,0000009555,EDUARDO BRAGA II/JARDIM FLORES,eSF,Itacoatiara,M�dio Amazonas,Novembro,Gestantes e pu�rperas,54,25,31,31,29,25,50,19,13,9,50,3078,58,53.07
2017350,UNIDADE BASICA DE SAUDE SANTO ANTONIO,CENTRO DE SAUDE/UNIDADE BASICA,0000009415,S. RAIMUNDO/PICARREIRA/A. COST,eSF,Itacoatiara,M�dio Amazonas,Novembro,Gestantes e pu�rperas,40,21,29,30,27,25,41,8,11,8,34,2506,45,55.69
2017350,UNIDADE BASICA DE SAUDE SANTO ANTONIO,CENTRO DE SAUDE/UNIDADE BASICA,0000009458,SANTO ANTONIO,eSF,Itacoatiara,M�dio Amazonas,Novembro,Gestantes e pu�rperas,38,19,27,30,26,25,34,13,15,8,41,2522,47,53.66
2708825,UNIDADE BASICA DE SAUDE JOSE RESK MAKLOUF,CENTRO DE SAUDE/UNIDADE BASICA,0000009474,IRACY II,eSF,Itacoatiara,M�dio Amazonas,Novembro,Gestantes e pu�rperas,19,7,12,12,5,6,19,3,0,1,15,910,24,37.92
2013827,UNIDADE BASICA DE SAUDE NICOLAS EUTHEMES LEKAKIS NETO,CENTRO DE SAUDE/UNIDADE BASICA,0000009334,JAUARY I,eSF,Itacoatiara,M�dio Amazonas,Novembro,Gestantes e pu�rperas,40,22,26,26,33,26,39,18,14,6,36,2614,48,54.46
6004660,UNIDADE BASICA DE SAUDE EXPEDITA HOLANDA DA SILVA,CENTRO DE SAUDE/UNIDADE BASICA,0000009598,VILA DE ENGENHO,eSF,Itacoatiara,M�dio Amazonas,Novembro,Gestantes e pu�rperas,30,18,28,29,27,23,25,11,8,6,31,2154,36,59.83
2017326,UNIDADE BASICA DE SAUDE PAULO GOMES DA SILVA,CENTRO DE SAUDE/UNIDADE BASICA,0000009377,SAO CRISTOVAO,eSF,Itacoatiara,M�dio Amazonas,Novembro,Gestantes e pu�rperas,30,22,24,26,29,19,29,17,12,5,31,2226,40,55.65
2013827,UNIDADE BASICA DE SAUDE NICOLAS EUTHEMES LEKAKIS NETO,CENTRO DE SAUDE/UNIDADE BASICA,0000009318,SAO JORGE,eSF,Itacoatiara,M�dio Amazonas,Novembro,Gestantes e pu�rperas,41,23,27,30,38,30,39,13,18,12,51,2939,54,54.43
6804683,UNIDADE BASICA DE SAUDE VILA DO BATISTA,CENTRO DE SAUDE/UNIDADE BASICA,0000009636,RIO ARARI - II,eSF,Itacoatiara,M�dio Amazonas,Novembro,Gestantes e pu�rperas,44,16,33,48,39,27,40,20,13,8,51,3095,69,44.86
2017334,UNIDADE BASICA DE SAUDE MANOEL MENDES DA SILVA,CENTRO DE SAUDE/UNIDADE BASICA,0002417871,PORANGA III,eSF,Itacoatiara,M�dio Amazonas,Novembro,Gestantes e pu�rperas,32,13,18,18,18,11,27,8,8,5,29,1715,35,49
2017334,UNIDADE BASICA DE SAUDE MANOEL MENDES DA SILVA,CENTRO DE SAUDE/UNIDADE BASICA,0000009385,JACAREZINHO - PORANGA - NOVA,eSF,Itacoatiara,M�dio Amazonas,Novembro,Gestantes e pu�rperas,29,11,16,16,23,14,26,9,8,2,23,1622,31,52.32
2017334,UNIDADE BASICA DE SAUDE MANOEL MENDES DA SILVA,CENTRO DE SAUDE/UNIDADE BASICA,0001467158,COLONIA - PEDREIRAS,eSF,Itacoatiara,M�dio Amazonas,Novembro,Gestantes e pu�rperas,28,14,23,24,25,26,29,18,11,7,38,2215,41,54.02
2017350,UNIDADE BASICA DE SAUDE SANTO ANTONIO,CENTRO DE SAUDE/UNIDADE BASICA,0000009423,TIRADENTES,eSF,Itacoatiara,M�dio Amazonas,Novembro,Gestantes e pu�rperas,37,19,26,26,27,22,33,15,10,6,27,2269,42,54.02
4311450,UNIDADE BASICA DE SAUDE OLGA MENEZES DE FREITAS,CENTRO DE SAUDE/UNIDADE BASICA,0002385686,SAO PEDRO DO IRACEMA,eSF,Itacoatiara,M�dio Amazonas,Novembro,Gestantes e pu�rperas,17,10,14,15,14,9,16,9,4,3,16,1160,19,61.05
2013827,UNIDADE BASICA DE SAUDE NICOLAS EUTHEMES LEKAKIS NETO,CENTRO DE SAUDE/UNIDADE BASICA,0000009326,JAUARY II,eSF,Itacoatiara,M�dio Amazonas,Novembro,Gestantes e pu�rperas,28,13,17,16,25,12,27,11,10,8,13,1648,32,51.5
6790771,UNIDADE BASICA DE SAUDE MANOEL ELOI RONDON,CENTRO DE SAUDE/UNIDADE BASICA,0000009601,POLO VI PSF,eSF,Itacoatiara,M�dio Amazonas,Novembro,Gestantes e pu�rperas,47,25,40,42,38,31,45,23,21,11,49,3395,54,62.87
5606667,UNIDADE BASICA DE SAUDE BERNARDINO DESSIMONI,CENTRO DE SAUDE/UNIDADE BASICA,0000009563,EDUARDO BRAGA I E JARDIM FLORE,eSF,Itacoatiara,M�dio Amazonas,Novembro,Gestantes e pu�rperas,54,16,29,33,39,34,52,17,23,16,46,3285,69,47.61
2017326,UNIDADE BASICA DE SAUDE PAULO GOMES DA SILVA,CENTRO DE SAUDE/UNIDADE BASICA,0000009342,NOGUEIRA JUNIOR/JARDIM AMANDA,eSF,Itacoatiara,M�dio Amazonas,Novembro,Gestantes e pu�rperas,43,19,26,27,34,21,37,19,12,8,43,2644,52,50.85
2017369,UNIDADE BASICA DE SAUDE FRANCISCO FERREIRA DE ATHAYDE,CENTRO DE SAUDE/UNIDADE BASICA,0000009466,RAMAIS - VILA DE LINDOIA,eSF,Itacoatiara,M�dio Amazonas,Novembro,Gestantes e pu�rperas,23,10,17,17,16,17,22,11,5,4,18,1463,26,56.27
7497822,UNIDADE BASICA DE SAUDE NERCILIO DE SOUZA LIMA,CENTRO DE SAUDE/UNIDADE BASICA,0000009717,PSF III - DR. LIMA,eSF,Itapiranga,M�dio Amazonas,Novembro,Gestantes e pu�rperas,42,20,34,40,34,21,11,13,13,10,46,2598,53,49.02
9933301,UNIDADE BASICA DE SAUDE FLUVIAL JOAO NELIO COELHO DE LIMA,UNIDADE MOVEL FLUVIAL,0000009709,JOAO NELIO,eSF,Itapiranga,M�dio Amazonas,Novembro,Gestantes e pu�rperas,12,8,12,15,11,12,7,4,4,3,14,930,17,54.71
5477018,UNIDADE BASICA DE SAUDE EVANILDE SOUZA DA COSTA,CENTRO DE SAUDE/UNIDADE BASICA,0000009725,PSF II - IVANILDE COSTA,eSF,Itapiranga,M�dio Amazonas,Novembro,Gestantes e pu�rperas,49,19,31,35,43,33,10,11,7,9,43,2659,55,48.35
5476755,UNIDADE BASICA DE SAUDE JOSE SMITH,CENTRO DE SAUDE/UNIDADE BASICA,0000009687,PSF I - JOSE SMITH,eSF,Itapiranga,M�dio Amazonas,Novembro,Gestantes e pu�rperas,24,8,24,24,18,18,13,9,3,3,23,1527,29,52.66
3037150,UNIDADE BASICA DE SAUDE ALTAIR FERNANDES,CENTRO DE SAUDE/UNIDADE BASICA,0000014400,PSF - II,eSF,S�o Sebasti�o do Uatum�,M�dio Amazonas,Novembro,Gestantes e pu�rperas,31,17,25,27,24,23,29,15,8,2,31,2119,32,66.22
3037169,UNIDADE BASICA DE SAUDE MARIA DE LOURDES MARTINS DE ALMEIDA,CENTRO DE SAUDE/UNIDADE BASICA,0000014419,PSF - I,eSF,S�o Sebasti�o do Uatum�,M�dio Amazonas,Novembro,Gestantes e pu�rperas,28,13,21,21,25,19,29,15,10,6,29,1972,34,58
7482396,UNIDADE BASICA DE SAUDE DALILA MONTEIRO,CENTRO DE SAUDE/UNIDADE BASICA,0002193809,PSF - VI,eSF,S�o Sebasti�o do Uatum�,M�dio Amazonas,Novembro,Gestantes e pu�rperas,1,1,1,1,0,1,1,1,1,1,1,91,1,91
7482396,UNIDADE BASICA DE SAUDE DALILA MONTEIRO,CENTRO DE SAUDE/UNIDADE BASICA,0001522116,PSF - V,eSF,S�o Sebasti�o do Uatum�,M�dio Amazonas,Novembro,Gestantes e pu�rperas,34,16,24,23,25,18,32,13,12,7,31,2149,35,61.4
2018594,UBS ZOLIMA GARCIA,CENTRO DE SAUDE/UNIDADE BASICA,0000014443,ESF I - CIDADE DE SILVES,eSF,Silves,M�dio Amazonas,Novembro,Gestantes e pu�rperas,27,13,23,22,24,18,10,10,7,8,25,1710,29,58.97
4842170,UBS PRIMEIRA DAMA MARIA DO SOCORRO GRANA,CENTRO DE SAUDE/UNIDADE BASICA,0002484579,ESF V - CIDADE DE SILVES,eSF,Silves,M�dio Amazonas,Novembro,Gestantes e pu�rperas,19,10,16,14,11,17,5,6,4,2,23,1162,27,43.04
7910541,UBS GUIOMAR DE OLIVEIRA LIRA,CENTRO DE SAUDE/UNIDADE BASICA,0000014451,ESF IV -SILVES/LAGO SARACA,eSF,Silves,M�dio Amazonas,Novembro,Gestantes e pu�rperas,31,10,25,26,24,20,20,8,10,9,26,1912,39,49.03
3420094,UNIDADE BASICA DE SAUDE ANA COSTA DE MACEDO,CENTRO DE SAUDE/UNIDADE BASICA,0000015059,PSF - V,eSF,Urucar�,M�dio Amazonas,Novembro,Gestantes e pu�rperas,10,2,11,9,9,7,3,5,4,4,9,667,14,47.64
4004868,CENTRO DE SAUDE JUDITE TORRES DA CUNHA,CENTRO DE SAUDE/UNIDADE BASICA,0000015105,PSF - III,eSF,Urucar�,M�dio Amazonas,Novembro,Gestantes e pu�rperas,20,11,14,13,19,15,13,3,6,10,16,1280,28,45.71
4004868,CENTRO DE SAUDE JUDITE TORRES DA CUNHA,CENTRO DE SAUDE/UNIDADE BASICA,0000015091,PSF - IV,eSF,Urucar�,M�dio Amazonas,Novembro,Gestantes e pu�rperas,26,10,24,23,25,19,16,8,5,5,23,1682,38,44.26
9117938,UNIDADE BASICA DE SAUDE DR JOAO PEREIRA DE LIMA,CENTRO DE SAUDE/UNIDADE BASICA,0000015083,PSF - II,eSF,Urucar�,M�dio Amazonas,Novembro,Gestantes e pu�rperas,23,11,18,17,22,16,11,11,6,6,26,1526,32,47.69
3453944,UNIDADE BASICA DE SAUDE MUNDINHA MENDONCA,CENTRO DE SAUDE/UNIDADE BASICA,0000015075,PSF - I,eSF,Urucar�,M�dio Amazonas,Novembro,Gestantes e pu�rperas,35,10,29,27,31,27,28,16,12,6,39,2375,50,47.5
5060818,UNIDADE BASICA DE SAUDE OSVALDO DA SILVA DE OLIVEIRA,CENTRO DE SAUDE/UNIDADE BASICA,0000015067,ESF - VII,eSF,Urucar�,M�dio Amazonas,Novembro,Gestantes e pu�rperas,5,1,3,0,5,5,2,0,0,0,11,293,12,24.42
5060818,UNIDADE BASICA DE SAUDE OSVALDO DA SILVA DE OLIVEIRA,CENTRO DE SAUDE/UNIDADE BASICA,0000015113,PSF - VI,eSF,Urucar�,M�dio Amazonas,Novembro,Gestantes e pu�rperas,19,4,11,10,11,17,12,3,4,3,21,1054,23,45.83
9622934,UBS EDNA MATOS PARA,CENTRO DE SAUDE/UNIDADE BASICA,0000015148,EQUIPE PSF URBANA II,eSF,Urucurituba,M�dio Amazonas,Novembro,Gestantes e pu�rperas,26,18,20,19,21,17,24,17,6,4,28,1826,32,57.06
3005364,UBS DOMINGAS ROLIM MOURAO,CENTRO DE SAUDE/UNIDADE BASICA,0001687859,EQUIPE PSF URBANA V,eSF,Urucurituba,M�dio Amazonas,Novembro,Gestantes e pu�rperas,12,3,9,7,8,8,10,6,1,2,9,687,14,49.07
7057202,UBS GERSON KETTLE,CENTRO DE SAUDE/UNIDADE BASICA,0001704036,ESF URBANA VI,eSF,Urucurituba,M�dio Amazonas,Novembro,Gestantes e pu�rperas,21,12,12,12,24,16,17,13,10,7,24,1533,26,58.96
7057202,UBS GERSON KETTLE,CENTRO DE SAUDE/UNIDADE BASICA,0000015180,EQUIPE PSF URBANA III,eSF,Urucurituba,M�dio Amazonas,Novembro,Gestantes e pu�rperas,19,9,13,14,16,12,20,10,5,4,17,1270,21,60.48
9622934,UBS EDNA MATOS PARA,CENTRO DE SAUDE/UNIDADE BASICA,0001670050,EQUIPE PSF URBANA IV,eSF,Urucurituba,M�dio Amazonas,Novembro,Gestantes e pu�rperas,15,4,4,4,10,8,13,4,3,3,15,762,19,40.11
287539,UBS DR DAVID CARDENAS BENAVENTE,CENTRO DE SAUDE/UNIDADE BASICA,0000015164,EQUIPE PSF RURAL II,eSF,Urucurituba,M�dio Amazonas,Novembro,Gestantes e pu�rperas,24,5,23,22,22,12,23,7,5,2,25,1554,26,59.77
3005364,UBS DOMINGAS ROLIM MOURAO,CENTRO DE SAUDE/UNIDADE BASICA,0000015121,EQUIPE PSF URBANA I,eSF,Urucurituba,M�dio Amazonas,Novembro,Gestantes e pu�rperas,6,5,10,10,12,11,6,5,4,3,14,780,14,55.71
