CNES;ESTABELECIMENTO;TIPO DO ESTABELECIMENTO;INE;NOME DA EQUIPE;SIGLA DA EQUIPE;MUNICÕPIO;REGI√O DE SA⁄DE;COMPET NCIA;INDICADOR;TER REALIZADO A 1™ CONSULTA PRESENCIAL OU REMOTA POR PROFISSIONAL M…DICA(O) OU ENFERMEIRA(O), AT… O 30∫ DIA DE VIDA ;TER PELO MENOS 09 CONSULTAS POR M…DICA(O) OU ENFERMEIRA(O) AT… DOIS ANOS DE VIDA ;TER PELO MENOS 09 REGISTROS DE PESO E ALTURA AT… OS DOIS ANOS DE VIDA;TER RECEBIDO PELO MENOS 02 VISITAS DOMICILIARES REALIZADAS POR ACS/TACS, SENDO A PRIMEIRA AT… OS PRIMEIROS 30 DIAS DE VIDA E A SEGUNDA AT… OS 06 MESES DE VIDA;TER SIDO VACINADA CONTRA DIFTERIA, T…TANO, COQUELUCHE, HEPATITE B, INFEC«’ES CAUSADAS POR HAEMOPHILUS INFLUENZAE TIPO B, POLIOMIELITE, SARAMPO, CAXUMBA E RUB…OLA, COM TODAS AS DOSES RECOMENDADAS;SOMAT”RIO DE BOAS PR¡TICAS REALIZADAS PARA CRIAN«AS DE AT… 2 ANOS VINCULADAS ¿ EQUIPE;N⁄MERO TOTAL DE CRIAN«AS DE AT… 2 ANOS VINCULADAS ¿ EQUIPE;PONTUA«√O
2486806;UNIDADE BASICA DE SAUDE DOMINGOS FERREIRA DE SOUZA;CENTRO DE SAUDE/UNIDADE BASICA;38210;EQUIPE 01;eSF;JA⁄ DO TOCANTINS;ILHA DO BANANAL;Abril;Desenvolvimento Infantil;11;8;6;12;18;1100;46;23,91
2486814;UNIDADE DE SAUDE LOURENCO NEVES CARDOSO;CENTRO DE SAUDE/UNIDADE BASICA;38229;EQUIPE 02;eSF;JA⁄ DO TOCANTINS;ILHA DO BANANAL;Abril;Desenvolvimento Infantil;0;2;4;0;8;280;11;25,45
2546701;UNIDADE SAUDE DA FAMILIA SAO JOSE RURAL;CENTRO DE SAUDE/UNIDADE BASICA;37672;SETOR SAO JOSE I;eSF;FORMOSO DO ARAGUAIA;ILHA DO BANANAL;Abril;Desenvolvimento Infantil;16;2;0;10;16;880;42;20,95
2468247;UNIDADE SAUDE DA FAMILIA SETOR ALIANCA;CENTRO DE SAUDE/UNIDADE BASICA;2423979;ESF ALIANCA II;eSF;FORMOSO DO ARAGUAIA;ILHA DO BANANAL;Abril;Desenvolvimento Infantil;6;2;0;1;8;340;28;12,14
688010;UNIDADE DA SAUDE DA FAMILIA SETOR AEROPORTO;CENTRO DE SAUDE/UNIDADE BASICA;2231476;ESF AEROPORTO;eSF;FORMOSO DO ARAGUAIA;ILHA DO BANANAL;Abril;Desenvolvimento Infantil;1;1;0;3;5;200;16;12,5
2468247;UNIDADE SAUDE DA FAMILIA SETOR ALIANCA;CENTRO DE SAUDE/UNIDADE BASICA;37613;USF-SETOR ALIANCA;eSF;FORMOSO DO ARAGUAIA;ILHA DO BANANAL;Abril;Desenvolvimento Infantil;5;2;1;5;15;560;29;19,31
7065310;UNIDADE DE SAUDE FAMILIA SAO JOSE II IRACY GOMES DE SOUZA;CENTRO DE SAUDE/UNIDADE BASICA;37699;SETOR SAO JOSE II;eSF;FORMOSO DO ARAGUAIA;ILHA DO BANANAL;Abril;Desenvolvimento Infantil;5;2;0;9;20;720;51;14,12
2546728;UNIDADE SAUDE DA FAMILIA SETOR PLANALTO;CENTRO DE SAUDE/UNIDADE BASICA;37656;SETOR PLANALTO;eSF;FORMOSO DO ARAGUAIA;ILHA DO BANANAL;Abril;Desenvolvimento Infantil;5;0;0;0;10;300;27;11,11
2546698;UNIDADE SAUDE DA FAMILIA CENTRO;CENTRO DE SAUDE/UNIDADE BASICA;37664;CENTRO I;eSF;FORMOSO DO ARAGUAIA;ILHA DO BANANAL;Abril;Desenvolvimento Infantil;10;3;0;8;21;840;51;16,47
2546698;UNIDADE SAUDE DA FAMILIA CENTRO;CENTRO DE SAUDE/UNIDADE BASICA;37621;CENTRO;eSF;FORMOSO DO ARAGUAIA;ILHA DO BANANAL;Abril;Desenvolvimento Infantil;9;5;1;16;11;840;32;26,25
2486806;UNIDADE BASICA DE SAUDE DOMINGOS FERREIRA DE SOUZA;CENTRO DE SAUDE/UNIDADE BASICA;38210;EQUIPE 01;eSF;JA⁄ DO TOCANTINS;ILHA DO BANANAL;Abril;Desenvolvimento Infantil;11;8;6;12;18;1100;46;23,91
2486814;UNIDADE DE SAUDE LOURENCO NEVES CARDOSO;CENTRO DE SAUDE/UNIDADE BASICA;38229;EQUIPE 02;eSF;JA⁄ DO TOCANTINS;ILHA DO BANANAL;Abril;Desenvolvimento Infantil;0;2;4;0;8;280;11;25,45
2468654;UNIDADE BASICA DE SAUDE TEREZINHA DE JESUS STA RITA;CENTRO DE SAUDE/UNIDADE BASICA;39713;EQUIPE URBANA;eSF;SANTA RITA DO TOCANTINS;ILHA DO BANANAL;Abril;Desenvolvimento Infantil;13;13;3;9;19;1140;46;24,78
2468603;UNIDADE BASICA DE SAUDE DA FAMILIA CRIXAS;CENTRO DE SAUDE/UNIDADE BASICA;37354;UNIDADE DE CRIXAS;eSF;CRIX¡S DO TOCANTINS;ILHA DO BANANAL;Abril;Desenvolvimento Infantil;4;11;6;0;12;660;22;30
2467550;CENTRO DE SAUDE LUISA PINHEIRO BARROS DUERE;CENTRO DE SAUDE/UNIDADE BASICA;37524;DUERE;eSF;DUER…;ILHA DO BANANAL;Abril;Desenvolvimento Infantil;20;4;2;6;17;980;29;33,79
9455795;POSTO DE SAUDE MAE BIA;CENTRO DE SAUDE/UNIDADE BASICA;37532;EQUIPE 2;eSF;DUER…;ILHA DO BANANAL;Abril;Desenvolvimento Infantil;8;5;0;2;7;440;25;17,6
9078835;UNIDADE BASICA DE SAUDE NELCINDO JOAO CALLAI;CENTRO DE SAUDE/UNIDADE BASICA;37575;EQUIPE 01;eSF;FIGUEIR”POLIS;ILHA DO BANANAL;Abril;Desenvolvimento Infantil;6;1;12;4;16;780;58;13,45
2486857;CENTRO DE SAUDE OLAVO RODRIGUES DE MATOS;CENTRO DE SAUDE/UNIDADE BASICA;1468782;EQUIPE 02;eSF;FIGUEIR”POLIS;ILHA DO BANANAL;Abril;Desenvolvimento Infantil;2;0;1;0;3;120;12;10
2486806;UNIDADE BASICA DE SAUDE DOMINGOS FERREIRA DE SOUZA;CENTRO DE SAUDE/UNIDADE BASICA;38210;EQUIPE 01;eSF;JA⁄ DO TOCANTINS;ILHA DO BANANAL;Agosto;Desenvolvimento Infantil;14;7;6;12;13;1040;43;24,19
2486814;UNIDADE DE SAUDE LOURENCO NEVES CARDOSO;CENTRO DE SAUDE/UNIDADE BASICA;38229;EQUIPE 02;eSF;JA⁄ DO TOCANTINS;ILHA DO BANANAL;Agosto;Desenvolvimento Infantil;2;2;4;0;5;260;12;21,67
9078835;UNIDADE BASICA DE SAUDE NELCINDO JOAO CALLAI;CENTRO DE SAUDE/UNIDADE BASICA;37575;EQUIPE 01;eSF;FIGUEIR”POLIS;ILHA DO BANANAL;Agosto;Desenvolvimento Infantil;12;1;11;3;8;700;73;9,59
2486857;CENTRO DE SAUDE OLAVO RODRIGUES DE MATOS;CENTRO DE SAUDE/UNIDADE BASICA;1468782;EQUIPE 02;eSF;FIGUEIR”POLIS;ILHA DO BANANAL;Agosto;Desenvolvimento Infantil;1;0;3;0;3;140;14;10
2546701;UNIDADE SAUDE DA FAMILIA SAO JOSE RURAL;CENTRO DE SAUDE/UNIDADE BASICA;37672;SETOR SAO JOSE I;eSF;FORMOSO DO ARAGUAIA;ILHA DO BANANAL;Agosto;Desenvolvimento Infantil;13;2;1;8;13;740;37;20
2468247;UNIDADE SAUDE DA FAMILIA SETOR ALIANCA;CENTRO DE SAUDE/UNIDADE BASICA;2423979;ESF ALIANCA II;eSF;FORMOSO DO ARAGUAIA;ILHA DO BANANAL;Agosto;Desenvolvimento Infantil;7;1;0;2;5;300;27;11,11
688010;UNIDADE DA SAUDE DA FAMILIA SETOR AEROPORTO;CENTRO DE SAUDE/UNIDADE BASICA;2231476;ESF AEROPORTO;eSF;FORMOSO DO ARAGUAIA;ILHA DO BANANAL;Agosto;Desenvolvimento Infantil;2;1;0;3;5;220;16;13,75
2468247;UNIDADE SAUDE DA FAMILIA SETOR ALIANCA;CENTRO DE SAUDE/UNIDADE BASICA;37613;USF-SETOR ALIANCA;eSF;FORMOSO DO ARAGUAIA;ILHA DO BANANAL;Agosto;Desenvolvimento Infantil;13;2;2;9;10;720;39;18,46
7065310;UNIDADE DE SAUDE FAMILIA SAO JOSE II IRACY GOMES DE SOUZA;CENTRO DE SAUDE/UNIDADE BASICA;37699;SETOR SAO JOSE II;eSF;FORMOSO DO ARAGUAIA;ILHA DO BANANAL;Agosto;Desenvolvimento Infantil;4;2;0;10;12;560;48;11,67
2546728;UNIDADE SAUDE DA FAMILIA SETOR PLANALTO;CENTRO DE SAUDE/UNIDADE BASICA;37656;SETOR PLANALTO;eSF;FORMOSO DO ARAGUAIA;ILHA DO BANANAL;Agosto;Desenvolvimento Infantil;11;0;0;1;11;460;47;9,79
2546698;UNIDADE SAUDE DA FAMILIA CENTRO;CENTRO DE SAUDE/UNIDADE BASICA;37664;CENTRO I;eSF;FORMOSO DO ARAGUAIA;ILHA DO BANANAL;Agosto;Desenvolvimento Infantil;15;2;1;5;11;680;46;14,78
2546698;UNIDADE SAUDE DA FAMILIA CENTRO;CENTRO DE SAUDE/UNIDADE BASICA;37621;CENTRO;eSF;FORMOSO DO ARAGUAIA;ILHA DO BANANAL;Agosto;Desenvolvimento Infantil;7;5;1;11;10;680;28;24,29
2486806;UNIDADE BASICA DE SAUDE DOMINGOS FERREIRA DE SOUZA;CENTRO DE SAUDE/UNIDADE BASICA;38210;EQUIPE 01;eSF;JA⁄ DO TOCANTINS;ILHA DO BANANAL;Agosto;Desenvolvimento Infantil;14;7;6;12;13;1040;43;24,19
2486814;UNIDADE DE SAUDE LOURENCO NEVES CARDOSO;CENTRO DE SAUDE/UNIDADE BASICA;38229;EQUIPE 02;eSF;JA⁄ DO TOCANTINS;ILHA DO BANANAL;Agosto;Desenvolvimento Infantil;2;2;4;0;5;260;12;21,67
2468654;UNIDADE BASICA DE SAUDE TEREZINHA DE JESUS STA RITA;CENTRO DE SAUDE/UNIDADE BASICA;39713;EQUIPE URBANA;eSF;SANTA RITA DO TOCANTINS;ILHA DO BANANAL;Agosto;Desenvolvimento Infantil;16;19;11;11;14;1420;55;25,82
2468603;UNIDADE BASICA DE SAUDE DA FAMILIA CRIXAS;CENTRO DE SAUDE/UNIDADE BASICA;37354;UNIDADE DE CRIXAS;eSF;CRIX¡S DO TOCANTINS;ILHA DO BANANAL;Agosto;Desenvolvimento Infantil;2;6;5;0;8;420;19;22,11
2467550;CENTRO DE SAUDE LUISA PINHEIRO BARROS DUERE;CENTRO DE SAUDE/UNIDADE BASICA;37524;DUERE;eSF;DUER…;ILHA DO BANANAL;Agosto;Desenvolvimento Infantil;17;1;3;5;8;680;27;25,19
9455795;POSTO DE SAUDE MAE BIA;CENTRO DE SAUDE/UNIDADE BASICA;37532;EQUIPE 2;eSF;DUER…;ILHA DO BANANAL;Agosto;Desenvolvimento Infantil;11;5;0;4;8;560;36;15,56
2486806;UNIDADE BASICA DE SAUDE DOMINGOS FERREIRA DE SOUZA;CENTRO DE SAUDE/UNIDADE BASICA;38210;EQUIPE 01;eSF;JA⁄ DO TOCANTINS;ILHA DO BANANAL;Fevereiro;Desenvolvimento Infantil;12;3;4;10;23;1040;49;21,22
2486814;UNIDADE DE SAUDE LOURENCO NEVES CARDOSO;CENTRO DE SAUDE/UNIDADE BASICA;38229;EQUIPE 02;eSF;JA⁄ DO TOCANTINS;ILHA DO BANANAL;Fevereiro;Desenvolvimento Infantil;1;3;4;0;10;360;13;27,69
2546701;UNIDADE SAUDE DA FAMILIA SAO JOSE RURAL;CENTRO DE SAUDE/UNIDADE BASICA;37672;SETOR SAO JOSE I;eSF;FORMOSO DO ARAGUAIA;ILHA DO BANANAL;Fevereiro;Desenvolvimento Infantil;17;2;0;10;19;960;43;22,33
2468247;UNIDADE SAUDE DA FAMILIA SETOR ALIANCA;CENTRO DE SAUDE/UNIDADE BASICA;2423979;ESF ALIANCA II;eSF;FORMOSO DO ARAGUAIA;ILHA DO BANANAL;Fevereiro;Desenvolvimento Infantil;5;1;0;4;12;440;32;13,75
688010;UNIDADE DA SAUDE DA FAMILIA SETOR AEROPORTO;CENTRO DE SAUDE/UNIDADE BASICA;2231476;ESF AEROPORTO;eSF;FORMOSO DO ARAGUAIA;ILHA DO BANANAL;Fevereiro;Desenvolvimento Infantil;3;0;0;3;7;260;15;17,33
2468247;UNIDADE SAUDE DA FAMILIA SETOR ALIANCA;CENTRO DE SAUDE/UNIDADE BASICA;37613;USF-SETOR ALIANCA;eSF;FORMOSO DO ARAGUAIA;ILHA DO BANANAL;Fevereiro;Desenvolvimento Infantil;4;2;1;5;18;600;31;19,35
7065310;UNIDADE DE SAUDE FAMILIA SAO JOSE II IRACY GOMES DE SOUZA;CENTRO DE SAUDE/UNIDADE BASICA;37699;SETOR SAO JOSE II;eSF;FORMOSO DO ARAGUAIA;ILHA DO BANANAL;Fevereiro;Desenvolvimento Infantil;5;0;0;9;21;700;49;14,29
2546728;UNIDADE SAUDE DA FAMILIA SETOR PLANALTO;CENTRO DE SAUDE/UNIDADE BASICA;37656;SETOR PLANALTO;eSF;FORMOSO DO ARAGUAIA;ILHA DO BANANAL;Fevereiro;Desenvolvimento Infantil;3;0;0;0;11;280;22;12,73
2546698;UNIDADE SAUDE DA FAMILIA CENTRO;CENTRO DE SAUDE/UNIDADE BASICA;37664;CENTRO I;eSF;FORMOSO DO ARAGUAIA;ILHA DO BANANAL;Fevereiro;Desenvolvimento Infantil;9;1;0;8;22;800;46;17,39
2546698;UNIDADE SAUDE DA FAMILIA CENTRO;CENTRO DE SAUDE/UNIDADE BASICA;37621;CENTRO;eSF;FORMOSO DO ARAGUAIA;ILHA DO BANANAL;Fevereiro;Desenvolvimento Infantil;8;2;1;17;15;860;34;25,29
2486806;UNIDADE BASICA DE SAUDE DOMINGOS FERREIRA DE SOUZA;CENTRO DE SAUDE/UNIDADE BASICA;38210;EQUIPE 01;eSF;JA⁄ DO TOCANTINS;ILHA DO BANANAL;Fevereiro;Desenvolvimento Infantil;12;3;4;10;23;1040;49;21,22
2486814;UNIDADE DE SAUDE LOURENCO NEVES CARDOSO;CENTRO DE SAUDE/UNIDADE BASICA;38229;EQUIPE 02;eSF;JA⁄ DO TOCANTINS;ILHA DO BANANAL;Fevereiro;Desenvolvimento Infantil;1;3;4;0;10;360;13;27,69
2468654;UNIDADE BASICA DE SAUDE TEREZINHA DE JESUS STA RITA;CENTRO DE SAUDE/UNIDADE BASICA;39713;EQUIPE URBANA;eSF;SANTA RITA DO TOCANTINS;ILHA DO BANANAL;Fevereiro;Desenvolvimento Infantil;15;17;2;10;32;1520;64;23,75
2467550;CENTRO DE SAUDE LUISA PINHEIRO BARROS DUERE;CENTRO DE SAUDE/UNIDADE BASICA;37524;DUERE;eSF;DUER…;ILHA DO BANANAL;Fevereiro;Desenvolvimento Infantil;21;4;3;4;19;1020;30;34
9455795;POSTO DE SAUDE MAE BIA;CENTRO DE SAUDE/UNIDADE BASICA;37532;EQUIPE 2;eSF;DUER…;ILHA DO BANANAL;Fevereiro;Desenvolvimento Infantil;7;3;0;2;8;400;23;17,39
9078835;UNIDADE BASICA DE SAUDE NELCINDO JOAO CALLAI;CENTRO DE SAUDE/UNIDADE BASICA;37575;EQUIPE 01;eSF;FIGUEIR”POLIS;ILHA DO BANANAL;Fevereiro;Desenvolvimento Infantil;5;0;13;3;18;780;41;19,02
2486857;CENTRO DE SAUDE OLAVO RODRIGUES DE MATOS;CENTRO DE SAUDE/UNIDADE BASICA;1468782;EQUIPE 02;eSF;FIGUEIR”POLIS;ILHA DO BANANAL;Fevereiro;Desenvolvimento Infantil;1;0;1;1;5;160;10;16
2486806;UNIDADE BASICA DE SAUDE DOMINGOS FERREIRA DE SOUZA;CENTRO DE SAUDE/UNIDADE BASICA;38210;EQUIPE 01;eSF;JA⁄ DO TOCANTINS;ILHA DO BANANAL;Janeiro;Desenvolvimento Infantil;12;0;2;10;22;920;46;20
2486814;UNIDADE DE SAUDE LOURENCO NEVES CARDOSO;CENTRO DE SAUDE/UNIDADE BASICA;38229;EQUIPE 02;eSF;JA⁄ DO TOCANTINS;ILHA DO BANANAL;Janeiro;Desenvolvimento Infantil;2;5;4;0;11;440;13;33,85
2546701;UNIDADE SAUDE DA FAMILIA SAO JOSE RURAL;CENTRO DE SAUDE/UNIDADE BASICA;37672;SETOR SAO JOSE I;eSF;FORMOSO DO ARAGUAIA;ILHA DO BANANAL;Janeiro;Desenvolvimento Infantil;17;2;0;11;21;1020;43;23,72
2468247;UNIDADE SAUDE DA FAMILIA SETOR ALIANCA;CENTRO DE SAUDE/UNIDADE BASICA;2423979;ESF ALIANCA II;eSF;FORMOSO DO ARAGUAIA;ILHA DO BANANAL;Janeiro;Desenvolvimento Infantil;4;1;0;3;11;380;29;13,1
688010;UNIDADE DA SAUDE DA FAMILIA SETOR AEROPORTO;CENTRO DE SAUDE/UNIDADE BASICA;2231476;ESF AEROPORTO;eSF;FORMOSO DO ARAGUAIA;ILHA DO BANANAL;Janeiro;Desenvolvimento Infantil;1;0;0;4;6;220;13;16,92
2468247;UNIDADE SAUDE DA FAMILIA SETOR ALIANCA;CENTRO DE SAUDE/UNIDADE BASICA;37613;USF-SETOR ALIANCA;eSF;FORMOSO DO ARAGUAIA;ILHA DO BANANAL;Janeiro;Desenvolvimento Infantil;2;1;0;6;20;580;30;19,33
7065310;UNIDADE DE SAUDE FAMILIA SAO JOSE II IRACY GOMES DE SOUZA;CENTRO DE SAUDE/UNIDADE BASICA;37699;SETOR SAO JOSE II;eSF;FORMOSO DO ARAGUAIA;ILHA DO BANANAL;Janeiro;Desenvolvimento Infantil;6;0;0;9;19;680;49;13,88
2546728;UNIDADE SAUDE DA FAMILIA SETOR PLANALTO;CENTRO DE SAUDE/UNIDADE BASICA;37656;SETOR PLANALTO;eSF;FORMOSO DO ARAGUAIA;ILHA DO BANANAL;Janeiro;Desenvolvimento Infantil;3;0;0;0;6;180;14;12,86
2546698;UNIDADE SAUDE DA FAMILIA CENTRO;CENTRO DE SAUDE/UNIDADE BASICA;37664;CENTRO I;eSF;FORMOSO DO ARAGUAIA;ILHA DO BANANAL;Janeiro;Desenvolvimento Infantil;9;1;0;8;22;800;44;18,18
2546698;UNIDADE SAUDE DA FAMILIA CENTRO;CENTRO DE SAUDE/UNIDADE BASICA;37621;CENTRO;eSF;FORMOSO DO ARAGUAIA;ILHA DO BANANAL;Janeiro;Desenvolvimento Infantil;8;1;1;15;15;800;33;24,24
2486806;UNIDADE BASICA DE SAUDE DOMINGOS FERREIRA DE SOUZA;CENTRO DE SAUDE/UNIDADE BASICA;38210;EQUIPE 01;eSF;JA⁄ DO TOCANTINS;ILHA DO BANANAL;Janeiro;Desenvolvimento Infantil;12;0;2;10;22;920;46;20
2486814;UNIDADE DE SAUDE LOURENCO NEVES CARDOSO;CENTRO DE SAUDE/UNIDADE BASICA;38229;EQUIPE 02;eSF;JA⁄ DO TOCANTINS;ILHA DO BANANAL;Janeiro;Desenvolvimento Infantil;2;5;4;0;11;440;13;33,85
2468654;UNIDADE BASICA DE SAUDE TEREZINHA DE JESUS STA RITA;CENTRO DE SAUDE/UNIDADE BASICA;39713;EQUIPE URBANA;eSF;SANTA RITA DO TOCANTINS;ILHA DO BANANAL;Janeiro;Desenvolvimento Infantil;14;17;3;10;36;1600;66;24,24
2468603;UNIDADE BASICA DE SAUDE DA FAMILIA CRIXAS;CENTRO DE SAUDE/UNIDADE BASICA;37354;UNIDADE DE CRIXAS;eSF;CRIX¡S DO TOCANTINS;ILHA DO BANANAL;Janeiro;Desenvolvimento Infantil;3;6;3;0;12;480;22;21,82
2467550;CENTRO DE SAUDE LUISA PINHEIRO BARROS DUERE;CENTRO DE SAUDE/UNIDADE BASICA;37524;DUERE;eSF;DUER…;ILHA DO BANANAL;Janeiro;Desenvolvimento Infantil;20;5;3;4;22;1080;29;37,24
9455795;POSTO DE SAUDE MAE BIA;CENTRO DE SAUDE/UNIDADE BASICA;37532;EQUIPE 2;eSF;DUER…;ILHA DO BANANAL;Janeiro;Desenvolvimento Infantil;7;2;0;2;8;380;21;18,1
9078835;UNIDADE BASICA DE SAUDE NELCINDO JOAO CALLAI;CENTRO DE SAUDE/UNIDADE BASICA;37575;EQUIPE 01;eSF;FIGUEIR”POLIS;ILHA DO BANANAL;Janeiro;Desenvolvimento Infantil;2;0;8;3;14;540;26;20,77
2486857;CENTRO DE SAUDE OLAVO RODRIGUES DE MATOS;CENTRO DE SAUDE/UNIDADE BASICA;1468782;EQUIPE 02;eSF;FIGUEIR”POLIS;ILHA DO BANANAL;Janeiro;Desenvolvimento Infantil;1;0;1;0;5;140;10;14
2486806;UNIDADE BASICA DE SAUDE DOMINGOS FERREIRA DE SOUZA;CENTRO DE SAUDE/UNIDADE BASICA;38210;EQUIPE 01;eSF;JA⁄ DO TOCANTINS;ILHA DO BANANAL;Julho;Desenvolvimento Infantil;15;8;6;13;18;1200;48;25
2486814;UNIDADE DE SAUDE LOURENCO NEVES CARDOSO;CENTRO DE SAUDE/UNIDADE BASICA;38229;EQUIPE 02;eSF;JA⁄ DO TOCANTINS;ILHA DO BANANAL;Julho;Desenvolvimento Infantil;0;2;4;0;5;220;9;24,44
9078835;UNIDADE BASICA DE SAUDE NELCINDO JOAO CALLAI;CENTRO DE SAUDE/UNIDADE BASICA;37575;EQUIPE 01;eSF;FIGUEIR”POLIS;ILHA DO BANANAL;Julho;Desenvolvimento Infantil;10;1;14;3;10;760;65;11,69
2486857;CENTRO DE SAUDE OLAVO RODRIGUES DE MATOS;CENTRO DE SAUDE/UNIDADE BASICA;1468782;EQUIPE 02;eSF;FIGUEIR”POLIS;ILHA DO BANANAL;Julho;Desenvolvimento Infantil;1;0;0;0;2;60;13;4,62
2546701;UNIDADE SAUDE DA FAMILIA SAO JOSE RURAL;CENTRO DE SAUDE/UNIDADE BASICA;37672;SETOR SAO JOSE I;eSF;FORMOSO DO ARAGUAIA;ILHA DO BANANAL;Julho;Desenvolvimento Infantil;12;2;1;8;14;740;38;19,47
2468247;UNIDADE SAUDE DA FAMILIA SETOR ALIANCA;CENTRO DE SAUDE/UNIDADE BASICA;2423979;ESF ALIANCA II;eSF;FORMOSO DO ARAGUAIA;ILHA DO BANANAL;Julho;Desenvolvimento Infantil;8;2;1;2;7;400;28;14,29
688010;UNIDADE DA SAUDE DA FAMILIA SETOR AEROPORTO;CENTRO DE SAUDE/UNIDADE BASICA;2231476;ESF AEROPORTO;eSF;FORMOSO DO ARAGUAIA;ILHA DO BANANAL;Julho;Desenvolvimento Infantil;2;1;0;3;5;220;16;13,75
2468247;UNIDADE SAUDE DA FAMILIA SETOR ALIANCA;CENTRO DE SAUDE/UNIDADE BASICA;37613;USF-SETOR ALIANCA;eSF;FORMOSO DO ARAGUAIA;ILHA DO BANANAL;Julho;Desenvolvimento Infantil;11;2;1;10;11;700;36;19,44
7065310;UNIDADE DE SAUDE FAMILIA SAO JOSE II IRACY GOMES DE SOUZA;CENTRO DE SAUDE/UNIDADE BASICA;37699;SETOR SAO JOSE II;eSF;FORMOSO DO ARAGUAIA;ILHA DO BANANAL;Julho;Desenvolvimento Infantil;5;2;0;8;13;560;49;11,43
2546728;UNIDADE SAUDE DA FAMILIA SETOR PLANALTO;CENTRO DE SAUDE/UNIDADE BASICA;37656;SETOR PLANALTO;eSF;FORMOSO DO ARAGUAIA;ILHA DO BANANAL;Julho;Desenvolvimento Infantil;10;0;0;1;11;440;38;11,58
2546698;UNIDADE SAUDE DA FAMILIA CENTRO;CENTRO DE SAUDE/UNIDADE BASICA;37664;CENTRO I;eSF;FORMOSO DO ARAGUAIA;ILHA DO BANANAL;Julho;Desenvolvimento Infantil;13;2;1;6;10;640;46;13,91
2546698;UNIDADE SAUDE DA FAMILIA CENTRO;CENTRO DE SAUDE/UNIDADE BASICA;37621;CENTRO;eSF;FORMOSO DO ARAGUAIA;ILHA DO BANANAL;Julho;Desenvolvimento Infantil;6;5;1;11;10;660;27;24,44
2486806;UNIDADE BASICA DE SAUDE DOMINGOS FERREIRA DE SOUZA;CENTRO DE SAUDE/UNIDADE BASICA;38210;EQUIPE 01;eSF;JA⁄ DO TOCANTINS;ILHA DO BANANAL;Julho;Desenvolvimento Infantil;15;8;6;13;18;1200;48;25
2486814;UNIDADE DE SAUDE LOURENCO NEVES CARDOSO;CENTRO DE SAUDE/UNIDADE BASICA;38229;EQUIPE 02;eSF;JA⁄ DO TOCANTINS;ILHA DO BANANAL;Julho;Desenvolvimento Infantil;0;2;4;0;5;220;9;24,44
2468654;UNIDADE BASICA DE SAUDE TEREZINHA DE JESUS STA RITA;CENTRO DE SAUDE/UNIDADE BASICA;39713;EQUIPE URBANA;eSF;SANTA RITA DO TOCANTINS;ILHA DO BANANAL;Julho;Desenvolvimento Infantil;13;14;5;9;15;1120;50;22,4
2468603;UNIDADE BASICA DE SAUDE DA FAMILIA CRIXAS;CENTRO DE SAUDE/UNIDADE BASICA;37354;UNIDADE DE CRIXAS;eSF;CRIX¡S DO TOCANTINS;ILHA DO BANANAL;Julho;Desenvolvimento Infantil;2;7;5;0;9;460;18;25,56
2467550;CENTRO DE SAUDE LUISA PINHEIRO BARROS DUERE;CENTRO DE SAUDE/UNIDADE BASICA;37524;DUERE;eSF;DUER…;ILHA DO BANANAL;Julho;Desenvolvimento Infantil;17;1;3;6;10;740;27;27,41
9455795;POSTO DE SAUDE MAE BIA;CENTRO DE SAUDE/UNIDADE BASICA;37532;EQUIPE 2;eSF;DUER…;ILHA DO BANANAL;Julho;Desenvolvimento Infantil;10;5;0;2;10;540;36;15
2486806;UNIDADE BASICA DE SAUDE DOMINGOS FERREIRA DE SOUZA;CENTRO DE SAUDE/UNIDADE BASICA;38210;EQUIPE 01;eSF;JA⁄ DO TOCANTINS;ILHA DO BANANAL;Junho;Desenvolvimento Infantil;14;8;6;12;20;1200;47;25,53
2486814;UNIDADE DE SAUDE LOURENCO NEVES CARDOSO;CENTRO DE SAUDE/UNIDADE BASICA;38229;EQUIPE 02;eSF;JA⁄ DO TOCANTINS;ILHA DO BANANAL;Junho;Desenvolvimento Infantil;0;3;5;0;6;280;10;28
9078835;UNIDADE BASICA DE SAUDE NELCINDO JOAO CALLAI;CENTRO DE SAUDE/UNIDADE BASICA;37575;EQUIPE 01;eSF;FIGUEIR”POLIS;ILHA DO BANANAL;Junho;Desenvolvimento Infantil;9;0;13;2;13;740;63;11,75
2486857;CENTRO DE SAUDE OLAVO RODRIGUES DE MATOS;CENTRO DE SAUDE/UNIDADE BASICA;1468782;EQUIPE 02;eSF;FIGUEIR”POLIS;ILHA DO BANANAL;Junho;Desenvolvimento Infantil;2;0;1;0;3;120;14;8,57
2546701;UNIDADE SAUDE DA FAMILIA SAO JOSE RURAL;CENTRO DE SAUDE/UNIDADE BASICA;37672;SETOR SAO JOSE I;eSF;FORMOSO DO ARAGUAIA;ILHA DO BANANAL;Junho;Desenvolvimento Infantil;12;2;0;8;13;700;35;20
2468247;UNIDADE SAUDE DA FAMILIA SETOR ALIANCA;CENTRO DE SAUDE/UNIDADE BASICA;2423979;ESF ALIANCA II;eSF;FORMOSO DO ARAGUAIA;ILHA DO BANANAL;Junho;Desenvolvimento Infantil;6;2;0;3;8;380;31;12,26
688010;UNIDADE DA SAUDE DA FAMILIA SETOR AEROPORTO;CENTRO DE SAUDE/UNIDADE BASICA;2231476;ESF AEROPORTO;eSF;FORMOSO DO ARAGUAIA;ILHA DO BANANAL;Junho;Desenvolvimento Infantil;2;1;0;3;5;220;16;13,75
2468247;UNIDADE SAUDE DA FAMILIA SETOR ALIANCA;CENTRO DE SAUDE/UNIDADE BASICA;37613;USF-SETOR ALIANCA;eSF;FORMOSO DO ARAGUAIA;ILHA DO BANANAL;Junho;Desenvolvimento Infantil;10;2;1;8;12;660;35;18,86
7065310;UNIDADE DE SAUDE FAMILIA SAO JOSE II IRACY GOMES DE SOUZA;CENTRO DE SAUDE/UNIDADE BASICA;37699;SETOR SAO JOSE II;eSF;FORMOSO DO ARAGUAIA;ILHA DO BANANAL;Junho;Desenvolvimento Infantil;5;2;0;8;16;620;50;12,4
2546728;UNIDADE SAUDE DA FAMILIA SETOR PLANALTO;CENTRO DE SAUDE/UNIDADE BASICA;37656;SETOR PLANALTO;eSF;FORMOSO DO ARAGUAIA;ILHA DO BANANAL;Junho;Desenvolvimento Infantil;7;0;0;0;11;360;32;11,25
2546698;UNIDADE SAUDE DA FAMILIA CENTRO;CENTRO DE SAUDE/UNIDADE BASICA;37664;CENTRO I;eSF;FORMOSO DO ARAGUAIA;ILHA DO BANANAL;Junho;Desenvolvimento Infantil;11;2;0;7;15;700;49;14,29
2546698;UNIDADE SAUDE DA FAMILIA CENTRO;CENTRO DE SAUDE/UNIDADE BASICA;37621;CENTRO;eSF;FORMOSO DO ARAGUAIA;ILHA DO BANANAL;Junho;Desenvolvimento Infantil;6;5;1;12;11;700;25;28
2486806;UNIDADE BASICA DE SAUDE DOMINGOS FERREIRA DE SOUZA;CENTRO DE SAUDE/UNIDADE BASICA;38210;EQUIPE 01;eSF;JA⁄ DO TOCANTINS;ILHA DO BANANAL;Junho;Desenvolvimento Infantil;14;8;6;12;20;1200;47;25,53
2486814;UNIDADE DE SAUDE LOURENCO NEVES CARDOSO;CENTRO DE SAUDE/UNIDADE BASICA;38229;EQUIPE 02;eSF;JA⁄ DO TOCANTINS;ILHA DO BANANAL;Junho;Desenvolvimento Infantil;0;3;5;0;6;280;10;28
2468654;UNIDADE BASICA DE SAUDE TEREZINHA DE JESUS STA RITA;CENTRO DE SAUDE/UNIDADE BASICA;39713;EQUIPE URBANA;eSF;SANTA RITA DO TOCANTINS;ILHA DO BANANAL;Junho;Desenvolvimento Infantil;15;16;6;11;17;1300;52;25
2468603;UNIDADE BASICA DE SAUDE DA FAMILIA CRIXAS;CENTRO DE SAUDE/UNIDADE BASICA;37354;UNIDADE DE CRIXAS;eSF;CRIX¡S DO TOCANTINS;ILHA DO BANANAL;Junho;Desenvolvimento Infantil;2;10;6;0;11;580;21;27,62
2467550;CENTRO DE SAUDE LUISA PINHEIRO BARROS DUERE;CENTRO DE SAUDE/UNIDADE BASICA;37524;DUERE;eSF;DUER…;ILHA DO BANANAL;Junho;Desenvolvimento Infantil;16;2;3;6;11;760;25;30,4
9455795;POSTO DE SAUDE MAE BIA;CENTRO DE SAUDE/UNIDADE BASICA;37532;EQUIPE 2;eSF;DUER…;ILHA DO BANANAL;Junho;Desenvolvimento Infantil;11;5;0;2;10;560;33;16,97
2486806;UNIDADE BASICA DE SAUDE DOMINGOS FERREIRA DE SOUZA;CENTRO DE SAUDE/UNIDADE BASICA;38210;EQUIPE 01;eSF;JA⁄ DO TOCANTINS;ILHA DO BANANAL;Maio;Desenvolvimento Infantil;13;7;6;12;18;1120;49;22,86
2486814;UNIDADE DE SAUDE LOURENCO NEVES CARDOSO;CENTRO DE SAUDE/UNIDADE BASICA;38229;EQUIPE 02;eSF;JA⁄ DO TOCANTINS;ILHA DO BANANAL;Maio;Desenvolvimento Infantil;0;2;5;0;8;300;11;27,27
9078835;UNIDADE BASICA DE SAUDE NELCINDO JOAO CALLAI;CENTRO DE SAUDE/UNIDADE BASICA;37575;EQUIPE 01;eSF;FIGUEIR”POLIS;ILHA DO BANANAL;Maio;Desenvolvimento Infantil;7;0;10;4;14;700;60;11,67
2486857;CENTRO DE SAUDE OLAVO RODRIGUES DE MATOS;CENTRO DE SAUDE/UNIDADE BASICA;1468782;EQUIPE 02;eSF;FIGUEIR”POLIS;ILHA DO BANANAL;Maio;Desenvolvimento Infantil;2;0;1;0;4;140;14;10
2546701;UNIDADE SAUDE DA FAMILIA SAO JOSE RURAL;CENTRO DE SAUDE/UNIDADE BASICA;37672;SETOR SAO JOSE I;eSF;FORMOSO DO ARAGUAIA;ILHA DO BANANAL;Maio;Desenvolvimento Infantil;14;2;0;10;13;780;39;20
2468247;UNIDADE SAUDE DA FAMILIA SETOR ALIANCA;CENTRO DE SAUDE/UNIDADE BASICA;2423979;ESF ALIANCA II;eSF;FORMOSO DO ARAGUAIA;ILHA DO BANANAL;Maio;Desenvolvimento Infantil;6;2;0;2;8;360;28;12,86
688010;UNIDADE DA SAUDE DA FAMILIA SETOR AEROPORTO;CENTRO DE SAUDE/UNIDADE BASICA;2231476;ESF AEROPORTO;eSF;FORMOSO DO ARAGUAIA;ILHA DO BANANAL;Maio;Desenvolvimento Infantil;1;1;0;3;5;200;15;13,33
2468247;UNIDADE SAUDE DA FAMILIA SETOR ALIANCA;CENTRO DE SAUDE/UNIDADE BASICA;37613;USF-SETOR ALIANCA;eSF;FORMOSO DO ARAGUAIA;ILHA DO BANANAL;Maio;Desenvolvimento Infantil;7;2;1;6;13;580;33;17,58
7065310;UNIDADE DE SAUDE FAMILIA SAO JOSE II IRACY GOMES DE SOUZA;CENTRO DE SAUDE/UNIDADE BASICA;37699;SETOR SAO JOSE II;eSF;FORMOSO DO ARAGUAIA;ILHA DO BANANAL;Maio;Desenvolvimento Infantil;5;2;0;9;16;640;51;12,55
2546728;UNIDADE SAUDE DA FAMILIA SETOR PLANALTO;CENTRO DE SAUDE/UNIDADE BASICA;37656;SETOR PLANALTO;eSF;FORMOSO DO ARAGUAIA;ILHA DO BANANAL;Maio;Desenvolvimento Infantil;6;0;0;0;10;320;29;11,03
2546698;UNIDADE SAUDE DA FAMILIA CENTRO;CENTRO DE SAUDE/UNIDADE BASICA;37664;CENTRO I;eSF;FORMOSO DO ARAGUAIA;ILHA DO BANANAL;Maio;Desenvolvimento Infantil;11;2;0;8;17;760;50;15,2
2546698;UNIDADE SAUDE DA FAMILIA CENTRO;CENTRO DE SAUDE/UNIDADE BASICA;37621;CENTRO;eSF;FORMOSO DO ARAGUAIA;ILHA DO BANANAL;Maio;Desenvolvimento Infantil;8;5;1;13;9;720;26;27,69
2486806;UNIDADE BASICA DE SAUDE DOMINGOS FERREIRA DE SOUZA;CENTRO DE SAUDE/UNIDADE BASICA;38210;EQUIPE 01;eSF;JA⁄ DO TOCANTINS;ILHA DO BANANAL;Maio;Desenvolvimento Infantil;13;7;6;12;18;1120;49;22,86
2486814;UNIDADE DE SAUDE LOURENCO NEVES CARDOSO;CENTRO DE SAUDE/UNIDADE BASICA;38229;EQUIPE 02;eSF;JA⁄ DO TOCANTINS;ILHA DO BANANAL;Maio;Desenvolvimento Infantil;0;2;5;0;8;300;11;27,27
2468654;UNIDADE BASICA DE SAUDE TEREZINHA DE JESUS STA RITA;CENTRO DE SAUDE/UNIDADE BASICA;39713;EQUIPE URBANA;eSF;SANTA RITA DO TOCANTINS;ILHA DO BANANAL;Maio;Desenvolvimento Infantil;14;17;4;9;21;1300;53;24,53
2468603;UNIDADE BASICA DE SAUDE DA FAMILIA CRIXAS;CENTRO DE SAUDE/UNIDADE BASICA;37354;UNIDADE DE CRIXAS;eSF;CRIX¡S DO TOCANTINS;ILHA DO BANANAL;Maio;Desenvolvimento Infantil;2;11;7;0;10;600;22;27,27
2467550;CENTRO DE SAUDE LUISA PINHEIRO BARROS DUERE;CENTRO DE SAUDE/UNIDADE BASICA;37524;DUERE;eSF;DUER…;ILHA DO BANANAL;Maio;Desenvolvimento Infantil;20;3;3;5;15;920;30;30,67
9455795;POSTO DE SAUDE MAE BIA;CENTRO DE SAUDE/UNIDADE BASICA;37532;EQUIPE 2;eSF;DUER…;ILHA DO BANANAL;Maio;Desenvolvimento Infantil;9;5;0;2;7;460;30;15,33
2486806;UNIDADE BASICA DE SAUDE DOMINGOS FERREIRA DE SOUZA;CENTRO DE SAUDE/UNIDADE BASICA;38210;EQUIPE 01;eSF;JA⁄ DO TOCANTINS;ILHA DO BANANAL;MarÁo;Desenvolvimento Infantil;12;6;4;11;22;1100;48;22,92
2486814;UNIDADE DE SAUDE LOURENCO NEVES CARDOSO;CENTRO DE SAUDE/UNIDADE BASICA;38229;EQUIPE 02;eSF;JA⁄ DO TOCANTINS;ILHA DO BANANAL;MarÁo;Desenvolvimento Infantil;1;3;4;0;10;360;13;27,69
2546701;UNIDADE SAUDE DA FAMILIA SAO JOSE RURAL;CENTRO DE SAUDE/UNIDADE BASICA;37672;SETOR SAO JOSE I;eSF;FORMOSO DO ARAGUAIA;ILHA DO BANANAL;MarÁo;Desenvolvimento Infantil;16;2;0;10;17;900;43;20,93
2468247;UNIDADE SAUDE DA FAMILIA SETOR ALIANCA;CENTRO DE SAUDE/UNIDADE BASICA;2423979;ESF ALIANCA II;eSF;FORMOSO DO ARAGUAIA;ILHA DO BANANAL;MarÁo;Desenvolvimento Infantil;6;2;0;3;11;440;29;15,17
688010;UNIDADE DA SAUDE DA FAMILIA SETOR AEROPORTO;CENTRO DE SAUDE/UNIDADE BASICA;2231476;ESF AEROPORTO;eSF;FORMOSO DO ARAGUAIA;ILHA DO BANANAL;MarÁo;Desenvolvimento Infantil;1;1;0;3;5;200;16;12,5
2468247;UNIDADE SAUDE DA FAMILIA SETOR ALIANCA;CENTRO DE SAUDE/UNIDADE BASICA;37613;USF-SETOR ALIANCA;eSF;FORMOSO DO ARAGUAIA;ILHA DO BANANAL;MarÁo;Desenvolvimento Infantil;4;3;1;5;18;620;31;20
7065310;UNIDADE DE SAUDE FAMILIA SAO JOSE II IRACY GOMES DE SOUZA;CENTRO DE SAUDE/UNIDADE BASICA;37699;SETOR SAO JOSE II;eSF;FORMOSO DO ARAGUAIA;ILHA DO BANANAL;MarÁo;Desenvolvimento Infantil;5;2;0;9;20;720;50;14,4
2546728;UNIDADE SAUDE DA FAMILIA SETOR PLANALTO;CENTRO DE SAUDE/UNIDADE BASICA;37656;SETOR PLANALTO;eSF;FORMOSO DO ARAGUAIA;ILHA DO BANANAL;MarÁo;Desenvolvimento Infantil;4;0;0;0;13;340;28;12,14
2546698;UNIDADE SAUDE DA FAMILIA CENTRO;CENTRO DE SAUDE/UNIDADE BASICA;37664;CENTRO I;eSF;FORMOSO DO ARAGUAIA;ILHA DO BANANAL;MarÁo;Desenvolvimento Infantil;9;2;0;6;19;720;47;15,32
2546698;UNIDADE SAUDE DA FAMILIA CENTRO;CENTRO DE SAUDE/UNIDADE BASICA;37621;CENTRO;eSF;FORMOSO DO ARAGUAIA;ILHA DO BANANAL;MarÁo;Desenvolvimento Infantil;9;5;1;16;14;900;33;27,27
2486806;UNIDADE BASICA DE SAUDE DOMINGOS FERREIRA DE SOUZA;CENTRO DE SAUDE/UNIDADE BASICA;38210;EQUIPE 01;eSF;JA⁄ DO TOCANTINS;ILHA DO BANANAL;MarÁo;Desenvolvimento Infantil;12;6;4;11;22;1100;48;22,92
2486814;UNIDADE DE SAUDE LOURENCO NEVES CARDOSO;CENTRO DE SAUDE/UNIDADE BASICA;38229;EQUIPE 02;eSF;JA⁄ DO TOCANTINS;ILHA DO BANANAL;MarÁo;Desenvolvimento Infantil;1;3;4;0;10;360;13;27,69
2468654;UNIDADE BASICA DE SAUDE TEREZINHA DE JESUS STA RITA;CENTRO DE SAUDE/UNIDADE BASICA;39713;EQUIPE URBANA;eSF;SANTA RITA DO TOCANTINS;ILHA DO BANANAL;MarÁo;Desenvolvimento Infantil;12;14;3;9;25;1260;54;23,33
2467550;CENTRO DE SAUDE LUISA PINHEIRO BARROS DUERE;CENTRO DE SAUDE/UNIDADE BASICA;37524;DUERE;eSF;DUER…;ILHA DO BANANAL;MarÁo;Desenvolvimento Infantil;18;3;2;5;17;900;27;33,33
9455795;POSTO DE SAUDE MAE BIA;CENTRO DE SAUDE/UNIDADE BASICA;37532;EQUIPE 2;eSF;DUER…;ILHA DO BANANAL;MarÁo;Desenvolvimento Infantil;8;5;0;2;8;460;24;19,17
9078835;UNIDADE BASICA DE SAUDE NELCINDO JOAO CALLAI;CENTRO DE SAUDE/UNIDADE BASICA;37575;EQUIPE 01;eSF;FIGUEIR”POLIS;ILHA DO BANANAL;MarÁo;Desenvolvimento Infantil;6;2;13;4;19;880;53;16,6
2486857;CENTRO DE SAUDE OLAVO RODRIGUES DE MATOS;CENTRO DE SAUDE/UNIDADE BASICA;1468782;EQUIPE 02;eSF;FIGUEIR”POLIS;ILHA DO BANANAL;MarÁo;Desenvolvimento Infantil;1;0;1;0;3;100;11;9,09
2486806;UNIDADE BASICA DE SAUDE DOMINGOS FERREIRA DE SOUZA;CENTRO DE SAUDE/UNIDADE BASICA;38210;EQUIPE 01;eSF;JA⁄ DO TOCANTINS;ILHA DO BANANAL;Novembro;Desenvolvimento Infantil;19;6;5;12;18;1200;46;26,09
2486814;UNIDADE DE SAUDE LOURENCO NEVES CARDOSO;CENTRO DE SAUDE/UNIDADE BASICA;38229;EQUIPE 02;eSF;JA⁄ DO TOCANTINS;ILHA DO BANANAL;Novembro;Desenvolvimento Infantil;2;1;6;0;4;260;13;20
9078835;UNIDADE BASICA DE SAUDE NELCINDO JOAO CALLAI;CENTRO DE SAUDE/UNIDADE BASICA;37575;EQUIPE 01;eSF;FIGUEIR”POLIS;ILHA DO BANANAL;Novembro;Desenvolvimento Infantil;18;1;13;5;11;960;82;11,71
2486857;CENTRO DE SAUDE OLAVO RODRIGUES DE MATOS;CENTRO DE SAUDE/UNIDADE BASICA;1468782;EQUIPE 02;eSF;FIGUEIR”POLIS;ILHA DO BANANAL;Novembro;Desenvolvimento Infantil;1;0;4;0;4;180;11;16,36
2546701;UNIDADE SAUDE DA FAMILIA SAO JOSE RURAL;CENTRO DE SAUDE/UNIDADE BASICA;37672;SETOR SAO JOSE I;eSF;FORMOSO DO ARAGUAIA;ILHA DO BANANAL;Novembro;Desenvolvimento Infantil;13;2;2;9;8;680;43;15,81
2468247;UNIDADE SAUDE DA FAMILIA SETOR ALIANCA;CENTRO DE SAUDE/UNIDADE BASICA;2423979;ESF ALIANCA II;eSF;FORMOSO DO ARAGUAIA;ILHA DO BANANAL;Novembro;Desenvolvimento Infantil;7;1;0;3;4;300;30;10
688010;UNIDADE DA SAUDE DA FAMILIA SETOR AEROPORTO;CENTRO DE SAUDE/UNIDADE BASICA;2231476;ESF AEROPORTO;eSF;FORMOSO DO ARAGUAIA;ILHA DO BANANAL;Novembro;Desenvolvimento Infantil;4;1;0;3;5;260;17;15,29
2468247;UNIDADE SAUDE DA FAMILIA SETOR ALIANCA;CENTRO DE SAUDE/UNIDADE BASICA;37613;USF-SETOR ALIANCA;eSF;FORMOSO DO ARAGUAIA;ILHA DO BANANAL;Novembro;Desenvolvimento Infantil;14;2;2;10;6;680;38;17,89
7065310;UNIDADE DE SAUDE FAMILIA SAO JOSE II IRACY GOMES DE SOUZA;CENTRO DE SAUDE/UNIDADE BASICA;37699;SETOR SAO JOSE II;eSF;FORMOSO DO ARAGUAIA;ILHA DO BANANAL;Novembro;Desenvolvimento Infantil;5;2;1;8;12;560;40;14
2546728;UNIDADE SAUDE DA FAMILIA SETOR PLANALTO;CENTRO DE SAUDE/UNIDADE BASICA;37656;SETOR PLANALTO;eSF;FORMOSO DO ARAGUAIA;ILHA DO BANANAL;Novembro;Desenvolvimento Infantil;13;0;0;5;12;600;44;13,64
2546698;UNIDADE SAUDE DA FAMILIA CENTRO;CENTRO DE SAUDE/UNIDADE BASICA;37664;CENTRO I;eSF;FORMOSO DO ARAGUAIA;ILHA DO BANANAL;Novembro;Desenvolvimento Infantil;14;2;1;4;11;640;48;13,33
2546698;UNIDADE SAUDE DA FAMILIA CENTRO;CENTRO DE SAUDE/UNIDADE BASICA;37621;CENTRO;eSF;FORMOSO DO ARAGUAIA;ILHA DO BANANAL;Novembro;Desenvolvimento Infantil;10;3;1;12;8;680;36;18,89
2486806;UNIDADE BASICA DE SAUDE DOMINGOS FERREIRA DE SOUZA;CENTRO DE SAUDE/UNIDADE BASICA;38210;EQUIPE 01;eSF;JA⁄ DO TOCANTINS;ILHA DO BANANAL;Novembro;Desenvolvimento Infantil;19;6;5;12;18;1200;46;26,09
2486814;UNIDADE DE SAUDE LOURENCO NEVES CARDOSO;CENTRO DE SAUDE/UNIDADE BASICA;38229;EQUIPE 02;eSF;JA⁄ DO TOCANTINS;ILHA DO BANANAL;Novembro;Desenvolvimento Infantil;2;1;6;0;4;260;13;20
2468654;UNIDADE BASICA DE SAUDE TEREZINHA DE JESUS STA RITA;CENTRO DE SAUDE/UNIDADE BASICA;39713;EQUIPE URBANA;eSF;SANTA RITA DO TOCANTINS;ILHA DO BANANAL;Novembro;Desenvolvimento Infantil;20;25;16;16;17;1880;55;34,18
2468603;UNIDADE BASICA DE SAUDE DA FAMILIA CRIXAS;CENTRO DE SAUDE/UNIDADE BASICA;37354;UNIDADE DE CRIXAS;eSF;CRIX¡S DO TOCANTINS;ILHA DO BANANAL;Novembro;Desenvolvimento Infantil;4;4;4;0;5;340;17;20
2467550;CENTRO DE SAUDE LUISA PINHEIRO BARROS DUERE;CENTRO DE SAUDE/UNIDADE BASICA;37524;DUERE;eSF;DUER…;ILHA DO BANANAL;Novembro;Desenvolvimento Infantil;20;5;5;5;9;880;32;27,5
9455795;POSTO DE SAUDE MAE BIA;CENTRO DE SAUDE/UNIDADE BASICA;37532;EQUIPE 2;eSF;DUER…;ILHA DO BANANAL;Novembro;Desenvolvimento Infantil;15;3;3;3;10;680;37;18,38
2486806;UNIDADE BASICA DE SAUDE DOMINGOS FERREIRA DE SOUZA;CENTRO DE SAUDE/UNIDADE BASICA;38210;EQUIPE 01;eSF;JA⁄ DO TOCANTINS;ILHA DO BANANAL;Outubro;Desenvolvimento Infantil;15;7;5;10;19;1120;46;24,35
2486814;UNIDADE DE SAUDE LOURENCO NEVES CARDOSO;CENTRO DE SAUDE/UNIDADE BASICA;38229;EQUIPE 02;eSF;JA⁄ DO TOCANTINS;ILHA DO BANANAL;Outubro;Desenvolvimento Infantil;2;1;6;0;4;260;13;20
2546701;UNIDADE SAUDE DA FAMILIA SAO JOSE RURAL;CENTRO DE SAUDE/UNIDADE BASICA;37672;SETOR SAO JOSE I;eSF;FORMOSO DO ARAGUAIA;ILHA DO BANANAL;Outubro;Desenvolvimento Infantil;13;2;2;8;9;680;40;17
2468247;UNIDADE SAUDE DA FAMILIA SETOR ALIANCA;CENTRO DE SAUDE/UNIDADE BASICA;2423979;ESF ALIANCA II;eSF;FORMOSO DO ARAGUAIA;ILHA DO BANANAL;Outubro;Desenvolvimento Infantil;7;1;0;4;8;400;32;12,5
688010;UNIDADE DA SAUDE DA FAMILIA SETOR AEROPORTO;CENTRO DE SAUDE/UNIDADE BASICA;2231476;ESF AEROPORTO;eSF;FORMOSO DO ARAGUAIA;ILHA DO BANANAL;Outubro;Desenvolvimento Infantil;3;1;0;3;7;280;17;16,47
2468247;UNIDADE SAUDE DA FAMILIA SETOR ALIANCA;CENTRO DE SAUDE/UNIDADE BASICA;37613;USF-SETOR ALIANCA;eSF;FORMOSO DO ARAGUAIA;ILHA DO BANANAL;Outubro;Desenvolvimento Infantil;14;2;2;10;6;680;38;17,89
7065310;UNIDADE DE SAUDE FAMILIA SAO JOSE II IRACY GOMES DE SOUZA;CENTRO DE SAUDE/UNIDADE BASICA;37699;SETOR SAO JOSE II;eSF;FORMOSO DO ARAGUAIA;ILHA DO BANANAL;Outubro;Desenvolvimento Infantil;5;1;0;9;12;540;41;13,17
2546728;UNIDADE SAUDE DA FAMILIA SETOR PLANALTO;CENTRO DE SAUDE/UNIDADE BASICA;37656;SETOR PLANALTO;eSF;FORMOSO DO ARAGUAIA;ILHA DO BANANAL;Outubro;Desenvolvimento Infantil;13;0;0;3;14;600;48;12,5
2546698;UNIDADE SAUDE DA FAMILIA CENTRO;CENTRO DE SAUDE/UNIDADE BASICA;37664;CENTRO I;eSF;FORMOSO DO ARAGUAIA;ILHA DO BANANAL;Outubro;Desenvolvimento Infantil;12;1;1;4;12;600;47;12,77
2546698;UNIDADE SAUDE DA FAMILIA CENTRO;CENTRO DE SAUDE/UNIDADE BASICA;37621;CENTRO;eSF;FORMOSO DO ARAGUAIA;ILHA DO BANANAL;Outubro;Desenvolvimento Infantil;8;3;1;11;8;620;30;20,67
2486806;UNIDADE BASICA DE SAUDE DOMINGOS FERREIRA DE SOUZA;CENTRO DE SAUDE/UNIDADE BASICA;38210;EQUIPE 01;eSF;JA⁄ DO TOCANTINS;ILHA DO BANANAL;Outubro;Desenvolvimento Infantil;15;7;5;10;19;1120;46;24,35
2486814;UNIDADE DE SAUDE LOURENCO NEVES CARDOSO;CENTRO DE SAUDE/UNIDADE BASICA;38229;EQUIPE 02;eSF;JA⁄ DO TOCANTINS;ILHA DO BANANAL;Outubro;Desenvolvimento Infantil;2;1;6;0;4;260;13;20
2468654;UNIDADE BASICA DE SAUDE TEREZINHA DE JESUS STA RITA;CENTRO DE SAUDE/UNIDADE BASICA;39713;EQUIPE URBANA;eSF;SANTA RITA DO TOCANTINS;ILHA DO BANANAL;Outubro;Desenvolvimento Infantil;18;25;14;13;16;1720;53;32,45
2468603;UNIDADE BASICA DE SAUDE DA FAMILIA CRIXAS;CENTRO DE SAUDE/UNIDADE BASICA;37354;UNIDADE DE CRIXAS;eSF;CRIX¡S DO TOCANTINS;ILHA DO BANANAL;Outubro;Desenvolvimento Infantil;4;4;4;0;3;300;15;20
2467550;CENTRO DE SAUDE LUISA PINHEIRO BARROS DUERE;CENTRO DE SAUDE/UNIDADE BASICA;37524;DUERE;eSF;DUER…;ILHA DO BANANAL;Outubro;Desenvolvimento Infantil;18;4;4;5;7;760;29;26,21
9455795;POSTO DE SAUDE MAE BIA;CENTRO DE SAUDE/UNIDADE BASICA;37532;EQUIPE 2;eSF;DUER…;ILHA DO BANANAL;Outubro;Desenvolvimento Infantil;14;3;2;3;10;640;38;16,84
9078835;UNIDADE BASICA DE SAUDE NELCINDO JOAO CALLAI;CENTRO DE SAUDE/UNIDADE BASICA;37575;EQUIPE 01;eSF;FIGUEIR”POLIS;ILHA DO BANANAL;Outubro;Desenvolvimento Infantil;17;1;14;4;12;960;81;11,85
2486857;CENTRO DE SAUDE OLAVO RODRIGUES DE MATOS;CENTRO DE SAUDE/UNIDADE BASICA;1468782;EQUIPE 02;eSF;FIGUEIR”POLIS;ILHA DO BANANAL;Outubro;Desenvolvimento Infantil;1;0;3;0;3;140;12;11,67
2486806;UNIDADE BASICA DE SAUDE DOMINGOS FERREIRA DE SOUZA;CENTRO DE SAUDE/UNIDADE BASICA;38210;EQUIPE 01;eSF;JA⁄ DO TOCANTINS;ILHA DO BANANAL;Setembro;Desenvolvimento Infantil;15;8;4;12;18;1140;45;25,33
2486814;UNIDADE DE SAUDE LOURENCO NEVES CARDOSO;CENTRO DE SAUDE/UNIDADE BASICA;38229;EQUIPE 02;eSF;JA⁄ DO TOCANTINS;ILHA DO BANANAL;Setembro;Desenvolvimento Infantil;2;2;4;0;5;260;11;23,64
9078835;UNIDADE BASICA DE SAUDE NELCINDO JOAO CALLAI;CENTRO DE SAUDE/UNIDADE BASICA;37575;EQUIPE 01;eSF;FIGUEIR”POLIS;ILHA DO BANANAL;Setembro;Desenvolvimento Infantil;12;1;10;4;11;760;71;10,7
2486857;CENTRO DE SAUDE OLAVO RODRIGUES DE MATOS;CENTRO DE SAUDE/UNIDADE BASICA;1468782;EQUIPE 02;eSF;FIGUEIR”POLIS;ILHA DO BANANAL;Setembro;Desenvolvimento Infantil;1;0;4;0;4;180;13;13,85
2546701;UNIDADE SAUDE DA FAMILIA SAO JOSE RURAL;CENTRO DE SAUDE/UNIDADE BASICA;37672;SETOR SAO JOSE I;eSF;FORMOSO DO ARAGUAIA;ILHA DO BANANAL;Setembro;Desenvolvimento Infantil;13;2;1;7;11;680;39;17,44
2468247;UNIDADE SAUDE DA FAMILIA SETOR ALIANCA;CENTRO DE SAUDE/UNIDADE BASICA;2423979;ESF ALIANCA II;eSF;FORMOSO DO ARAGUAIA;ILHA DO BANANAL;Setembro;Desenvolvimento Infantil;7;1;0;4;8;400;28;14,29
688010;UNIDADE DA SAUDE DA FAMILIA SETOR AEROPORTO;CENTRO DE SAUDE/UNIDADE BASICA;2231476;ESF AEROPORTO;eSF;FORMOSO DO ARAGUAIA;ILHA DO BANANAL;Setembro;Desenvolvimento Infantil;2;1;0;3;7;260;16;16,25
2468247;UNIDADE SAUDE DA FAMILIA SETOR ALIANCA;CENTRO DE SAUDE/UNIDADE BASICA;37613;USF-SETOR ALIANCA;eSF;FORMOSO DO ARAGUAIA;ILHA DO BANANAL;Setembro;Desenvolvimento Infantil;13;2;2;9;9;700;36;19,44
7065310;UNIDADE DE SAUDE FAMILIA SAO JOSE II IRACY GOMES DE SOUZA;CENTRO DE SAUDE/UNIDADE BASICA;37699;SETOR SAO JOSE II;eSF;FORMOSO DO ARAGUAIA;ILHA DO BANANAL;Setembro;Desenvolvimento Infantil;4;1;0;9;13;540;45;12
2546728;UNIDADE SAUDE DA FAMILIA SETOR PLANALTO;CENTRO DE SAUDE/UNIDADE BASICA;37656;SETOR PLANALTO;eSF;FORMOSO DO ARAGUAIA;ILHA DO BANANAL;Setembro;Desenvolvimento Infantil;11;0;0;3;15;580;49;11,84
2546698;UNIDADE SAUDE DA FAMILIA CENTRO;CENTRO DE SAUDE/UNIDADE BASICA;37664;CENTRO I;eSF;FORMOSO DO ARAGUAIA;ILHA DO BANANAL;Setembro;Desenvolvimento Infantil;14;2;1;6;13;720;45;16
2546698;UNIDADE SAUDE DA FAMILIA CENTRO;CENTRO DE SAUDE/UNIDADE BASICA;37621;CENTRO;eSF;FORMOSO DO ARAGUAIA;ILHA DO BANANAL;Setembro;Desenvolvimento Infantil;7;4;1;12;9;660;28;23,57
2486806;UNIDADE BASICA DE SAUDE DOMINGOS FERREIRA DE SOUZA;CENTRO DE SAUDE/UNIDADE BASICA;38210;EQUIPE 01;eSF;JA⁄ DO TOCANTINS;ILHA DO BANANAL;Setembro;Desenvolvimento Infantil;15;8;4;12;18;1140;45;25,33
2486814;UNIDADE DE SAUDE LOURENCO NEVES CARDOSO;CENTRO DE SAUDE/UNIDADE BASICA;38229;EQUIPE 02;eSF;JA⁄ DO TOCANTINS;ILHA DO BANANAL;Setembro;Desenvolvimento Infantil;2;2;4;0;5;260;11;23,64
2468654;UNIDADE BASICA DE SAUDE TEREZINHA DE JESUS STA RITA;CENTRO DE SAUDE/UNIDADE BASICA;39713;EQUIPE URBANA;eSF;SANTA RITA DO TOCANTINS;ILHA DO BANANAL;Setembro;Desenvolvimento Infantil;19;22;12;12;19;1680;57;29,47
2468603;UNIDADE BASICA DE SAUDE DA FAMILIA CRIXAS;CENTRO DE SAUDE/UNIDADE BASICA;37354;UNIDADE DE CRIXAS;eSF;CRIX¡S DO TOCANTINS;ILHA DO BANANAL;Setembro;Desenvolvimento Infantil;1;5;5;0;7;360;18;20
2467550;CENTRO DE SAUDE LUISA PINHEIRO BARROS DUERE;CENTRO DE SAUDE/UNIDADE BASICA;37524;DUERE;eSF;DUER…;ILHA DO BANANAL;Setembro;Desenvolvimento Infantil;17;4;4;4;8;740;27;27,41
9455795;POSTO DE SAUDE MAE BIA;CENTRO DE SAUDE/UNIDADE BASICA;37532;EQUIPE 2;eSF;DUER…;ILHA DO BANANAL;Setembro;Desenvolvimento Infantil;11;4;2;4;10;620;36;17,22
2468808;UNIDADE DE SAUDE DA FAMILIA MANOEL PEDRO PIRES FILHO;CENTRO DE SAUDE/UNIDADE BASICA;37028;EQUIPE CARIRI;eSF;CARIRI DO TOCANTINS;ILHA DO BANANAL;Abril;Desenvolvimento Infantil;8;7;8;13;32;1360;64;21,25
2468808;UNIDADE DE SAUDE DA FAMILIA MANOEL PEDRO PIRES FILHO;CENTRO DE SAUDE/UNIDADE BASICA;1509659;EQUIPE RURAL;eSF;CARIRI DO TOCANTINS;ILHA DO BANANAL;Abril;Desenvolvimento Infantil;8;2;2;6;17;700;27;25,93
2468948;UBS PEDRO TAVARES SOBRINHO;CENTRO DE SAUDE/UNIDADE BASICA;1528238;EQUIPE 01;eSF;ARAGUA«U;ILHA DO BANANAL;Abril;Desenvolvimento Infantil;14;4;3;13;19;1060;49;21,63
6020569;UBS CANDIDA MARTINS TAVARES;CENTRO DE SAUDE/UNIDADE BASICA;1528246;EQUIPE 04;eSF;ARAGUA«U;ILHA DO BANANAL;Abril;Desenvolvimento Infantil;18;9;9;7;18;1220;33;36,97
9898212;UBS JOSE CANDIDO GOMES;CENTRO DE SAUDE/UNIDADE BASICA;35963;EQUIPE 02;eSF;ARAGUA«U;ILHA DO BANANAL;Abril;Desenvolvimento Infantil;23;6;5;4;19;1140;37;30,81
6020569;UBS CANDIDA MARTINS TAVARES;CENTRO DE SAUDE/UNIDADE BASICA;35971;EQUIPE 03;eSF;ARAGUA«U;ILHA DO BANANAL;Abril;Desenvolvimento Infantil;15;6;5;8;17;1020;39;26,15
9456554;UBS RAIMUNDO ROSA 02;CENTRO DE SAUDE/UNIDADE BASICA;35807;UBS RAIMUNDO ROSA 2;eSF;ALVORADA;ILHA DO BANANAL;Abril;Desenvolvimento Infantil;0;0;0;0;0;0;0;0
5315905;UBS RAIMUNDO ROSA 01;CENTRO DE SAUDE/UNIDADE BASICA;35793;UBS RAIMUNDO ROSA I;eSF;ALVORADA;ILHA DO BANANAL;Abril;Desenvolvimento Infantil;10;0;0;13;34;1140;85;13,41
9456562;UBS NATANY BOTELHO;CENTRO DE SAUDE/UNIDADE BASICA;1641506;UBS NATANNY BOTELHO;eSF;ALVORADA;ILHA DO BANANAL;Abril;Desenvolvimento Infantil;2;0;0;5;9;320;25;12,8
7042922;UBS DR RONALDO ADVENTINO;CENTRO DE SAUDE/UNIDADE BASICA;35815;UBS DR RONALDO ADVENTINO;eSF;ALVORADA;ILHA DO BANANAL;Abril;Desenvolvimento Infantil;13;1;1;18;19;1040;56;18,57
2468808;UNIDADE DE SAUDE DA FAMILIA MANOEL PEDRO PIRES FILHO;CENTRO DE SAUDE/UNIDADE BASICA;37028;EQUIPE CARIRI;eSF;CARIRI DO TOCANTINS;ILHA DO BANANAL;Agosto;Desenvolvimento Infantil;5;2;3;13;19;840;55;15,27
2468808;UNIDADE DE SAUDE DA FAMILIA MANOEL PEDRO PIRES FILHO;CENTRO DE SAUDE/UNIDADE BASICA;1509659;EQUIPE RURAL;eSF;CARIRI DO TOCANTINS;ILHA DO BANANAL;Agosto;Desenvolvimento Infantil;8;2;1;5;9;500;20;25
2468948;UBS PEDRO TAVARES SOBRINHO;CENTRO DE SAUDE/UNIDADE BASICA;1528238;EQUIPE 01;eSF;ARAGUA«U;ILHA DO BANANAL;Agosto;Desenvolvimento Infantil;15;4;5;15;25;1280;47;27,23
6020569;UBS CANDIDA MARTINS TAVARES;CENTRO DE SAUDE/UNIDADE BASICA;1528246;EQUIPE 04;eSF;ARAGUA«U;ILHA DO BANANAL;Agosto;Desenvolvimento Infantil;15;3;3;6;11;760;34;22,35
9898212;UBS JOSE CANDIDO GOMES;CENTRO DE SAUDE/UNIDADE BASICA;35963;EQUIPE 02;eSF;ARAGUA«U;ILHA DO BANANAL;Agosto;Desenvolvimento Infantil;31;8;10;7;26;1640;47;34,89
6020569;UBS CANDIDA MARTINS TAVARES;CENTRO DE SAUDE/UNIDADE BASICA;35971;EQUIPE 03;eSF;ARAGUA«U;ILHA DO BANANAL;Agosto;Desenvolvimento Infantil;18;3;4;7;14;920;35;26,29
5315905;UBS RAIMUNDO ROSA 01;CENTRO DE SAUDE/UNIDADE BASICA;35807;EQUIPE CENTRAL;eSF;ALVORADA;ILHA DO BANANAL;Agosto;Desenvolvimento Infantil;2;0;0;1;2;100;14;7,14
5315905;UBS RAIMUNDO ROSA 01;CENTRO DE SAUDE/UNIDADE BASICA;35793;UBS RAIMUNDO ROSA I;eSF;ALVORADA;ILHA DO BANANAL;Agosto;Desenvolvimento Infantil;8;0;0;13;25;920;74;12,43
9456562;UBS NATANY BOTELHO;CENTRO DE SAUDE/UNIDADE BASICA;1641506;UBS NATANNY BOTELHO;eSF;ALVORADA;ILHA DO BANANAL;Agosto;Desenvolvimento Infantil;4;1;0;5;7;340;28;12,14
7042922;UBS DR RONALDO ADVENTINO;CENTRO DE SAUDE/UNIDADE BASICA;35815;UBS DR RONALDO ADVENTINO;eSF;ALVORADA;ILHA DO BANANAL;Agosto;Desenvolvimento Infantil;11;1;1;14;15;840;50;16,8
2468603;UNIDADE BASICA DE SAUDE DA FAMILIA CRIXAS;CENTRO DE SAUDE/UNIDADE BASICA;37354;UNIDADE DE CRIXAS;eSF;CRIX¡S DO TOCANTINS;ILHA DO BANANAL;Fevereiro;Desenvolvimento Infantil;4;9;6;0;13;640;23;27,83
2468808;UNIDADE DE SAUDE DA FAMILIA MANOEL PEDRO PIRES FILHO;CENTRO DE SAUDE/UNIDADE BASICA;37028;EQUIPE CARIRI;eSF;CARIRI DO TOCANTINS;ILHA DO BANANAL;Fevereiro;Desenvolvimento Infantil;11;9;8;17;39;1680;65;25,85
2468808;UNIDADE DE SAUDE DA FAMILIA MANOEL PEDRO PIRES FILHO;CENTRO DE SAUDE/UNIDADE BASICA;1509659;EQUIPE RURAL;eSF;CARIRI DO TOCANTINS;ILHA DO BANANAL;Fevereiro;Desenvolvimento Infantil;5;1;1;7;20;680;29;23,45
2468948;UBS PEDRO TAVARES SOBRINHO;CENTRO DE SAUDE/UNIDADE BASICA;1528238;EQUIPE 01;eSF;ARAGUA«U;ILHA DO BANANAL;Fevereiro;Desenvolvimento Infantil;11;5;4;13;22;1100;45;24,44
6020569;UBS CANDIDA MARTINS TAVARES;CENTRO DE SAUDE/UNIDADE BASICA;1528246;EQUIPE 04;eSF;ARAGUA«U;ILHA DO BANANAL;Fevereiro;Desenvolvimento Infantil;21;7;6;9;24;1340;37;36,22
9898212;UBS JOSE CANDIDO GOMES;CENTRO DE SAUDE/UNIDADE BASICA;35963;EQUIPE 02;eSF;ARAGUA«U;ILHA DO BANANAL;Fevereiro;Desenvolvimento Infantil;24;5;4;7;24;1280;41;31,22
6020569;UBS CANDIDA MARTINS TAVARES;CENTRO DE SAUDE/UNIDADE BASICA;35971;EQUIPE 03;eSF;ARAGUA«U;ILHA DO BANANAL;Fevereiro;Desenvolvimento Infantil;15;6;3;7;20;1020;41;24,88
9456554;UBS RAIMUNDO ROSA 02;CENTRO DE SAUDE/UNIDADE BASICA;35807;UBS RAIMUNDO ROSA 2;eSF;ALVORADA;ILHA DO BANANAL;Fevereiro;Desenvolvimento Infantil;0;0;0;2;8;200;15;13,33
5315905;UBS RAIMUNDO ROSA 01;CENTRO DE SAUDE/UNIDADE BASICA;35793;UBS RAIMUNDO ROSA I;eSF;ALVORADA;ILHA DO BANANAL;Fevereiro;Desenvolvimento Infantil;9;0;0;16;41;1320;83;15,9
9456562;UBS NATANY BOTELHO;CENTRO DE SAUDE/UNIDADE BASICA;1641506;UBS NATANNY BOTELHO;eSF;ALVORADA;ILHA DO BANANAL;Fevereiro;Desenvolvimento Infantil;2;0;0;4;8;280;20;14
7042922;UBS DR RONALDO ADVENTINO;CENTRO DE SAUDE/UNIDADE BASICA;35815;UBS DR RONALDO ADVENTINO;eSF;ALVORADA;ILHA DO BANANAL;Fevereiro;Desenvolvimento Infantil;14;0;0;18;22;1080;58;18,62
2468808;UNIDADE DE SAUDE DA FAMILIA MANOEL PEDRO PIRES FILHO;CENTRO DE SAUDE/UNIDADE BASICA;37028;EQUIPE CARIRI;eSF;CARIRI DO TOCANTINS;ILHA DO BANANAL;Janeiro;Desenvolvimento Infantil;11;14;9;20;41;1900;71;26,76
2468808;UNIDADE DE SAUDE DA FAMILIA MANOEL PEDRO PIRES FILHO;CENTRO DE SAUDE/UNIDADE BASICA;1509659;EQUIPE RURAL;eSF;CARIRI DO TOCANTINS;ILHA DO BANANAL;Janeiro;Desenvolvimento Infantil;5;1;1;7;20;680;28;24,29
2468948;UBS PEDRO TAVARES SOBRINHO;CENTRO DE SAUDE/UNIDADE BASICA;1528238;EQUIPE 01;eSF;ARAGUA«U;ILHA DO BANANAL;Janeiro;Desenvolvimento Infantil;13;5;4;14;25;1220;46;26,52
6020569;UBS CANDIDA MARTINS TAVARES;CENTRO DE SAUDE/UNIDADE BASICA;1528246;EQUIPE 04;eSF;ARAGUA«U;ILHA DO BANANAL;Janeiro;Desenvolvimento Infantil;22;7;6;8;24;1340;38;35,26
9898212;UBS JOSE CANDIDO GOMES;CENTRO DE SAUDE/UNIDADE BASICA;35963;EQUIPE 02;eSF;ARAGUA«U;ILHA DO BANANAL;Janeiro;Desenvolvimento Infantil;23;5;5;8;26;1340;42;31,9
6020569;UBS CANDIDA MARTINS TAVARES;CENTRO DE SAUDE/UNIDADE BASICA;35971;EQUIPE 03;eSF;ARAGUA«U;ILHA DO BANANAL;Janeiro;Desenvolvimento Infantil;12;6;3;8;23;1040;39;26,67
9456554;UBS RAIMUNDO ROSA 02;CENTRO DE SAUDE/UNIDADE BASICA;35807;UBS RAIMUNDO ROSA 2;eSF;ALVORADA;ILHA DO BANANAL;Janeiro;Desenvolvimento Infantil;0;0;0;4;9;260;17;15,29
5315905;UBS RAIMUNDO ROSA 01;CENTRO DE SAUDE/UNIDADE BASICA;35793;UBS RAIMUNDO ROSA I;eSF;ALVORADA;ILHA DO BANANAL;Janeiro;Desenvolvimento Infantil;9;0;0;15;41;1300;78;16,67
9456562;UBS NATANY BOTELHO;CENTRO DE SAUDE/UNIDADE BASICA;1641506;UBS NATANNY BOTELHO;eSF;ALVORADA;ILHA DO BANANAL;Janeiro;Desenvolvimento Infantil;3;0;0;4;11;360;25;14,4
7042922;UBS DR RONALDO ADVENTINO;CENTRO DE SAUDE/UNIDADE BASICA;35815;UBS DR RONALDO ADVENTINO;eSF;ALVORADA;ILHA DO BANANAL;Janeiro;Desenvolvimento Infantil;16;0;0;18;27;1220;61;20
2468808;UNIDADE DE SAUDE DA FAMILIA MANOEL PEDRO PIRES FILHO;CENTRO DE SAUDE/UNIDADE BASICA;37028;EQUIPE CARIRI;eSF;CARIRI DO TOCANTINS;ILHA DO BANANAL;Julho;Desenvolvimento Infantil;6;3;3;10;20;840;53;15,85
2468808;UNIDADE DE SAUDE DA FAMILIA MANOEL PEDRO PIRES FILHO;CENTRO DE SAUDE/UNIDADE BASICA;1509659;EQUIPE RURAL;eSF;CARIRI DO TOCANTINS;ILHA DO BANANAL;Julho;Desenvolvimento Infantil;7;1;1;6;10;500;21;23,81
2468948;UBS PEDRO TAVARES SOBRINHO;CENTRO DE SAUDE/UNIDADE BASICA;1528238;EQUIPE 01;eSF;ARAGUA«U;ILHA DO BANANAL;Julho;Desenvolvimento Infantil;16;4;4;15;25;1280;49;26,12
6020569;UBS CANDIDA MARTINS TAVARES;CENTRO DE SAUDE/UNIDADE BASICA;1528246;EQUIPE 04;eSF;ARAGUA«U;ILHA DO BANANAL;Julho;Desenvolvimento Infantil;16;4;5;8;10;860;30;28,67
9898212;UBS JOSE CANDIDO GOMES;CENTRO DE SAUDE/UNIDADE BASICA;35963;EQUIPE 02;eSF;ARAGUA«U;ILHA DO BANANAL;Julho;Desenvolvimento Infantil;26;6;7;4;24;1340;42;31,9
6020569;UBS CANDIDA MARTINS TAVARES;CENTRO DE SAUDE/UNIDADE BASICA;35971;EQUIPE 03;eSF;ARAGUA«U;ILHA DO BANANAL;Julho;Desenvolvimento Infantil;14;3;3;6;13;780;31;25,16
5315905;UBS RAIMUNDO ROSA 01;CENTRO DE SAUDE/UNIDADE BASICA;35807;EQUIPE CENTRAL;eSF;ALVORADA;ILHA DO BANANAL;Julho;Desenvolvimento Infantil;0;0;0;1;6;140;16;8,75
5315905;UBS RAIMUNDO ROSA 01;CENTRO DE SAUDE/UNIDADE BASICA;35793;UBS RAIMUNDO ROSA I;eSF;ALVORADA;ILHA DO BANANAL;Julho;Desenvolvimento Infantil;9;0;0;13;29;1020;77;13,25
9456562;UBS NATANY BOTELHO;CENTRO DE SAUDE/UNIDADE BASICA;1641506;UBS NATANNY BOTELHO;eSF;ALVORADA;ILHA DO BANANAL;Julho;Desenvolvimento Infantil;2;1;0;5;7;300;25;12
7042922;UBS DR RONALDO ADVENTINO;CENTRO DE SAUDE/UNIDADE BASICA;35815;UBS DR RONALDO ADVENTINO;eSF;ALVORADA;ILHA DO BANANAL;Julho;Desenvolvimento Infantil;12;1;1;15;14;860;53;16,23
2468808;UNIDADE DE SAUDE DA FAMILIA MANOEL PEDRO PIRES FILHO;CENTRO DE SAUDE/UNIDADE BASICA;37028;EQUIPE CARIRI;eSF;CARIRI DO TOCANTINS;ILHA DO BANANAL;Junho;Desenvolvimento Infantil;8;4;5;14;24;1100;58;18,97
2468808;UNIDADE DE SAUDE DA FAMILIA MANOEL PEDRO PIRES FILHO;CENTRO DE SAUDE/UNIDADE BASICA;1509659;EQUIPE RURAL;eSF;CARIRI DO TOCANTINS;ILHA DO BANANAL;Junho;Desenvolvimento Infantil;7;2;2;5;11;540;21;25,71
2468948;UBS PEDRO TAVARES SOBRINHO;CENTRO DE SAUDE/UNIDADE BASICA;1528238;EQUIPE 01;eSF;ARAGUA«U;ILHA DO BANANAL;Junho;Desenvolvimento Infantil;16;4;4;15;24;1260;48;26,25
6020569;UBS CANDIDA MARTINS TAVARES;CENTRO DE SAUDE/UNIDADE BASICA;1528246;EQUIPE 04;eSF;ARAGUA«U;ILHA DO BANANAL;Junho;Desenvolvimento Infantil;16;6;7;6;13;960;29;33,1
9898212;UBS JOSE CANDIDO GOMES;CENTRO DE SAUDE/UNIDADE BASICA;35963;EQUIPE 02;eSF;ARAGUA«U;ILHA DO BANANAL;Junho;Desenvolvimento Infantil;26;6;6;3;24;1300;42;30,95
6020569;UBS CANDIDA MARTINS TAVARES;CENTRO DE SAUDE/UNIDADE BASICA;35971;EQUIPE 03;eSF;ARAGUA«U;ILHA DO BANANAL;Junho;Desenvolvimento Infantil;16;6;5;7;18;1040;37;28,11
5315905;UBS RAIMUNDO ROSA 01;CENTRO DE SAUDE/UNIDADE BASICA;35807;EQUIPE CENTRAL;eSF;ALVORADA;ILHA DO BANANAL;Junho;Desenvolvimento Infantil;0;0;0;1;7;160;16;10
5315905;UBS RAIMUNDO ROSA 01;CENTRO DE SAUDE/UNIDADE BASICA;35793;UBS RAIMUNDO ROSA I;eSF;ALVORADA;ILHA DO BANANAL;Junho;Desenvolvimento Infantil;10;0;0;13;34;1140;86;13,26
9456562;UBS NATANY BOTELHO;CENTRO DE SAUDE/UNIDADE BASICA;1641506;UBS NATANNY BOTELHO;eSF;ALVORADA;ILHA DO BANANAL;Junho;Desenvolvimento Infantil;2;0;0;5;6;260;26;10
7042922;UBS DR RONALDO ADVENTINO;CENTRO DE SAUDE/UNIDADE BASICA;35815;UBS DR RONALDO ADVENTINO;eSF;ALVORADA;ILHA DO BANANAL;Junho;Desenvolvimento Infantil;13;1;1;16;17;960;57;16,84
2468808;UNIDADE DE SAUDE DA FAMILIA MANOEL PEDRO PIRES FILHO;CENTRO DE SAUDE/UNIDADE BASICA;37028;EQUIPE CARIRI;eSF;CARIRI DO TOCANTINS;ILHA DO BANANAL;Maio;Desenvolvimento Infantil;8;4;5;14;24;1100;57;19,3
2468808;UNIDADE DE SAUDE DA FAMILIA MANOEL PEDRO PIRES FILHO;CENTRO DE SAUDE/UNIDADE BASICA;1509659;EQUIPE RURAL;eSF;CARIRI DO TOCANTINS;ILHA DO BANANAL;Maio;Desenvolvimento Infantil;7;3;3;5;14;640;24;26,67
2468948;UBS PEDRO TAVARES SOBRINHO;CENTRO DE SAUDE/UNIDADE BASICA;1528238;EQUIPE 01;eSF;ARAGUA«U;ILHA DO BANANAL;Maio;Desenvolvimento Infantil;16;4;4;14;18;1120;50;22,4
6020569;UBS CANDIDA MARTINS TAVARES;CENTRO DE SAUDE/UNIDADE BASICA;1528246;EQUIPE 04;eSF;ARAGUA«U;ILHA DO BANANAL;Maio;Desenvolvimento Infantil;17;8;8;6;15;1080;33;32,73
9898212;UBS JOSE CANDIDO GOMES;CENTRO DE SAUDE/UNIDADE BASICA;35963;EQUIPE 02;eSF;ARAGUA«U;ILHA DO BANANAL;Maio;Desenvolvimento Infantil;24;7;6;3;18;1160;39;29,74
6020569;UBS CANDIDA MARTINS TAVARES;CENTRO DE SAUDE/UNIDADE BASICA;35971;EQUIPE 03;eSF;ARAGUA«U;ILHA DO BANANAL;Maio;Desenvolvimento Infantil;14;5;4;7;16;920;36;25,56
5315905;UBS RAIMUNDO ROSA 01;CENTRO DE SAUDE/UNIDADE BASICA;35807;EQUIPE CENTRAL;eSF;ALVORADA;ILHA DO BANANAL;Maio;Desenvolvimento Infantil;0;0;0;0;7;140;13;10,77
5315905;UBS RAIMUNDO ROSA 01;CENTRO DE SAUDE/UNIDADE BASICA;35793;UBS RAIMUNDO ROSA I;eSF;ALVORADA;ILHA DO BANANAL;Maio;Desenvolvimento Infantil;10;0;0;14;33;1140;86;13,26
9456562;UBS NATANY BOTELHO;CENTRO DE SAUDE/UNIDADE BASICA;1641506;UBS NATANNY BOTELHO;eSF;ALVORADA;ILHA DO BANANAL;Maio;Desenvolvimento Infantil;2;0;0;5;7;280;28;10
7042922;UBS DR RONALDO ADVENTINO;CENTRO DE SAUDE/UNIDADE BASICA;35815;UBS DR RONALDO ADVENTINO;eSF;ALVORADA;ILHA DO BANANAL;Maio;Desenvolvimento Infantil;14;1;1;17;18;1020;59;17,29
2468603;UNIDADE BASICA DE SAUDE DA FAMILIA CRIXAS;CENTRO DE SAUDE/UNIDADE BASICA;37354;UNIDADE DE CRIXAS;eSF;CRIX¡S DO TOCANTINS;ILHA DO BANANAL;MarÁo;Desenvolvimento Infantil;4;11;5;0;12;640;22;29,09
2468808;UNIDADE DE SAUDE DA FAMILIA MANOEL PEDRO PIRES FILHO;CENTRO DE SAUDE/UNIDADE BASICA;37028;EQUIPE CARIRI;eSF;CARIRI DO TOCANTINS;ILHA DO BANANAL;MarÁo;Desenvolvimento Infantil;9;9;10;16;37;1620;66;24,55
2468808;UNIDADE DE SAUDE DA FAMILIA MANOEL PEDRO PIRES FILHO;CENTRO DE SAUDE/UNIDADE BASICA;1509659;EQUIPE RURAL;eSF;CARIRI DO TOCANTINS;ILHA DO BANANAL;MarÁo;Desenvolvimento Infantil;7;1;1;6;18;660;28;23,57
2468948;UBS PEDRO TAVARES SOBRINHO;CENTRO DE SAUDE/UNIDADE BASICA;1528238;EQUIPE 01;eSF;ARAGUA«U;ILHA DO BANANAL;MarÁo;Desenvolvimento Infantil;13;5;4;15;22;1180;49;24,08
6020569;UBS CANDIDA MARTINS TAVARES;CENTRO DE SAUDE/UNIDADE BASICA;1528246;EQUIPE 04;eSF;ARAGUA«U;ILHA DO BANANAL;MarÁo;Desenvolvimento Infantil;19;7;8;7;19;1200;33;36,36
9898212;UBS JOSE CANDIDO GOMES;CENTRO DE SAUDE/UNIDADE BASICA;35963;EQUIPE 02;eSF;ARAGUA«U;ILHA DO BANANAL;MarÁo;Desenvolvimento Infantil;25;5;3;7;22;1240;40;31
6020569;UBS CANDIDA MARTINS TAVARES;CENTRO DE SAUDE/UNIDADE BASICA;35971;EQUIPE 03;eSF;ARAGUA«U;ILHA DO BANANAL;MarÁo;Desenvolvimento Infantil;16;5;4;8;20;1060;43;24,65
9456554;UBS RAIMUNDO ROSA 02;CENTRO DE SAUDE/UNIDADE BASICA;35807;UBS RAIMUNDO ROSA 2;eSF;ALVORADA;ILHA DO BANANAL;MarÁo;Desenvolvimento Infantil;0;0;0;2;8;200;16;12,5
5315905;UBS RAIMUNDO ROSA 01;CENTRO DE SAUDE/UNIDADE BASICA;35793;UBS RAIMUNDO ROSA I;eSF;ALVORADA;ILHA DO BANANAL;MarÁo;Desenvolvimento Infantil;8;0;0;14;40;1240;85;14,59
9456562;UBS NATANY BOTELHO;CENTRO DE SAUDE/UNIDADE BASICA;1641506;UBS NATANNY BOTELHO;eSF;ALVORADA;ILHA DO BANANAL;MarÁo;Desenvolvimento Infantil;2;0;0;4;9;300;26;11,54
7042922;UBS DR RONALDO ADVENTINO;CENTRO DE SAUDE/UNIDADE BASICA;35815;UBS DR RONALDO ADVENTINO;eSF;ALVORADA;ILHA DO BANANAL;MarÁo;Desenvolvimento Infantil;12;1;1;17;20;1020;58;17,59
2468808;UNIDADE DE SAUDE DA FAMILIA MANOEL PEDRO PIRES FILHO;CENTRO DE SAUDE/UNIDADE BASICA;37028;EQUIPE CARIRI;eSF;CARIRI DO TOCANTINS;ILHA DO BANANAL;Novembro;Desenvolvimento Infantil;11;3;3;13;19;980;62;15,81
2468808;UNIDADE DE SAUDE DA FAMILIA MANOEL PEDRO PIRES FILHO;CENTRO DE SAUDE/UNIDADE BASICA;1509659;EQUIPE RURAL;eSF;CARIRI DO TOCANTINS;ILHA DO BANANAL;Novembro;Desenvolvimento Infantil;8;1;0;6;8;460;22;20,91
2468948;UBS PEDRO TAVARES SOBRINHO;CENTRO DE SAUDE/UNIDADE BASICA;1528238;EQUIPE 01;eSF;ARAGUA«U;ILHA DO BANANAL;Novembro;Desenvolvimento Infantil;19;2;6;14;19;1200;41;29,27
6020569;UBS CANDIDA MARTINS TAVARES;CENTRO DE SAUDE/UNIDADE BASICA;1528246;EQUIPE 04;eSF;ARAGUA«U;ILHA DO BANANAL;Novembro;Desenvolvimento Infantil;13;2;4;8;7;680;27;25,19
9898212;UBS JOSE CANDIDO GOMES;CENTRO DE SAUDE/UNIDADE BASICA;35963;EQUIPE 02;eSF;ARAGUA«U;ILHA DO BANANAL;Novembro;Desenvolvimento Infantil;32;6;9;9;15;1420;44;32,27
6020569;UBS CANDIDA MARTINS TAVARES;CENTRO DE SAUDE/UNIDADE BASICA;35971;EQUIPE 03;eSF;ARAGUA«U;ILHA DO BANANAL;Novembro;Desenvolvimento Infantil;23;4;6;9;9;1020;38;26,84
5315905;UBS RAIMUNDO ROSA 01;CENTRO DE SAUDE/UNIDADE BASICA;35807;EQUIPE CENTRAL;eSF;ALVORADA;ILHA DO BANANAL;Novembro;Desenvolvimento Infantil;5;0;0;1;2;160;32;5
5315905;UBS RAIMUNDO ROSA 01;CENTRO DE SAUDE/UNIDADE BASICA;35793;UBS RAIMUNDO ROSA I;eSF;ALVORADA;ILHA DO BANANAL;Novembro;Desenvolvimento Infantil;7;0;0;11;27;900;81;11,11
9456562;UBS NATANY BOTELHO;CENTRO DE SAUDE/UNIDADE BASICA;1641506;UBS NATANNY BOTELHO;eSF;ALVORADA;ILHA DO BANANAL;Novembro;Desenvolvimento Infantil;7;1;1;6;7;440;36;12,22
7042922;UBS DR RONALDO ADVENTINO;CENTRO DE SAUDE/UNIDADE BASICA;35815;UBS DR RONALDO ADVENTINO;eSF;ALVORADA;ILHA DO BANANAL;Novembro;Desenvolvimento Infantil;18;6;12;15;19;1400;69;20,29
2468808;UNIDADE DE SAUDE DA FAMILIA MANOEL PEDRO PIRES FILHO;CENTRO DE SAUDE/UNIDADE BASICA;37028;EQUIPE CARIRI;eSF;CARIRI DO TOCANTINS;ILHA DO BANANAL;Outubro;Desenvolvimento Infantil;7;3;4;12;21;940;55;17,09
2468808;UNIDADE DE SAUDE DA FAMILIA MANOEL PEDRO PIRES FILHO;CENTRO DE SAUDE/UNIDADE BASICA;1509659;EQUIPE RURAL;eSF;CARIRI DO TOCANTINS;ILHA DO BANANAL;Outubro;Desenvolvimento Infantil;6;1;0;5;7;380;17;22,35
2468948;UBS PEDRO TAVARES SOBRINHO;CENTRO DE SAUDE/UNIDADE BASICA;1528238;EQUIPE 01;eSF;ARAGUA«U;ILHA DO BANANAL;Outubro;Desenvolvimento Infantil;15;2;5;15;24;1220;43;28,37
6020569;UBS CANDIDA MARTINS TAVARES;CENTRO DE SAUDE/UNIDADE BASICA;1528246;EQUIPE 04;eSF;ARAGUA«U;ILHA DO BANANAL;Outubro;Desenvolvimento Infantil;14;3;7;9;9;840;30;28
9898212;UBS JOSE CANDIDO GOMES;CENTRO DE SAUDE/UNIDADE BASICA;35963;EQUIPE 02;eSF;ARAGUA«U;ILHA DO BANANAL;Outubro;Desenvolvimento Infantil;33;5;8;8;20;1480;48;30,83
6020569;UBS CANDIDA MARTINS TAVARES;CENTRO DE SAUDE/UNIDADE BASICA;35971;EQUIPE 03;eSF;ARAGUA«U;ILHA DO BANANAL;Outubro;Desenvolvimento Infantil;19;5;4;8;12;960;35;27,43
5315905;UBS RAIMUNDO ROSA 01;CENTRO DE SAUDE/UNIDADE BASICA;35807;EQUIPE CENTRAL;eSF;ALVORADA;ILHA DO BANANAL;Outubro;Desenvolvimento Infantil;5;0;0;1;1;140;27;5,19
5315905;UBS RAIMUNDO ROSA 01;CENTRO DE SAUDE/UNIDADE BASICA;35793;UBS RAIMUNDO ROSA I;eSF;ALVORADA;ILHA DO BANANAL;Outubro;Desenvolvimento Infantil;7;0;0;10;28;900;78;11,54
9456562;UBS NATANY BOTELHO;CENTRO DE SAUDE/UNIDADE BASICA;1641506;UBS NATANNY BOTELHO;eSF;ALVORADA;ILHA DO BANANAL;Outubro;Desenvolvimento Infantil;7;1;1;6;10;500;37;13,51
7042922;UBS DR RONALDO ADVENTINO;CENTRO DE SAUDE/UNIDADE BASICA;35815;UBS DR RONALDO ADVENTINO;eSF;ALVORADA;ILHA DO BANANAL;Outubro;Desenvolvimento Infantil;18;5;9;16;16;1280;69;18,55
2468808;UNIDADE DE SAUDE DA FAMILIA MANOEL PEDRO PIRES FILHO;CENTRO DE SAUDE/UNIDADE BASICA;37028;EQUIPE CARIRI;eSF;CARIRI DO TOCANTINS;ILHA DO BANANAL;Setembro;Desenvolvimento Infantil;7;3;4;13;23;1000;59;16,95
2468808;UNIDADE DE SAUDE DA FAMILIA MANOEL PEDRO PIRES FILHO;CENTRO DE SAUDE/UNIDADE BASICA;1509659;EQUIPE RURAL;eSF;CARIRI DO TOCANTINS;ILHA DO BANANAL;Setembro;Desenvolvimento Infantil;5;2;1;4;7;380;17;22,35
2468948;UBS PEDRO TAVARES SOBRINHO;CENTRO DE SAUDE/UNIDADE BASICA;1528238;EQUIPE 01;eSF;ARAGUA«U;ILHA DO BANANAL;Setembro;Desenvolvimento Infantil;14;3;4;15;25;1220;44;27,73
6020569;UBS CANDIDA MARTINS TAVARES;CENTRO DE SAUDE/UNIDADE BASICA;1528246;EQUIPE 04;eSF;ARAGUA«U;ILHA DO BANANAL;Setembro;Desenvolvimento Infantil;16;4;6;8;10;880;33;26,67
9898212;UBS JOSE CANDIDO GOMES;CENTRO DE SAUDE/UNIDADE BASICA;35963;EQUIPE 02;eSF;ARAGUA«U;ILHA DO BANANAL;Setembro;Desenvolvimento Infantil;33;8;11;7;24;1660;49;33,88
6020569;UBS CANDIDA MARTINS TAVARES;CENTRO DE SAUDE/UNIDADE BASICA;35971;EQUIPE 03;eSF;ARAGUA«U;ILHA DO BANANAL;Setembro;Desenvolvimento Infantil;18;5;4;8;14;980;36;27,22
5315905;UBS RAIMUNDO ROSA 01;CENTRO DE SAUDE/UNIDADE BASICA;35807;EQUIPE CENTRAL;eSF;ALVORADA;ILHA DO BANANAL;Setembro;Desenvolvimento Infantil;3;0;0;1;0;80;15;5,33
5315905;UBS RAIMUNDO ROSA 01;CENTRO DE SAUDE/UNIDADE BASICA;35793;UBS RAIMUNDO ROSA I;eSF;ALVORADA;ILHA DO BANANAL;Setembro;Desenvolvimento Infantil;6;0;0;11;27;880;70;12,57
9456562;UBS NATANY BOTELHO;CENTRO DE SAUDE/UNIDADE BASICA;1641506;UBS NATANNY BOTELHO;eSF;ALVORADA;ILHA DO BANANAL;Setembro;Desenvolvimento Infantil;4;1;0;5;11;420;33;12,73
7042922;UBS DR RONALDO ADVENTINO;CENTRO DE SAUDE/UNIDADE BASICA;35815;UBS DR RONALDO ADVENTINO;eSF;ALVORADA;ILHA DO BANANAL;Setembro;Desenvolvimento Infantil;15;3;3;15;17;1060;64;16,56
